year_month,sic_code,dissolution_count
2015-01,47110,76
2015-01,47190,87
2015-01,47210,13
2015-01,47220,11
2015-01,47230,4
2015-01,47240,13
2015-01,47250,22
2015-01,47260,1
2015-01,47290,39
2015-01,47300,5
2015-01,47410,15
2015-01,47430,5
2015-01,47510,16
2015-01,47520,12
2015-01,47530,15
2015-01,47540,12
2015-01,47610,3
2015-01,47620,7
2015-01,47630,1
2015-01,47640,22
2015-01,47650,10
2015-01,47710,71
2015-01,47730,6
2015-01,47750,16
2015-01,47760,11
2015-01,47770,14
2015-01,47781,1
2015-01,47782,2
2015-01,47789,34
2015-01,47791,6
2015-01,47799,12
2015-01,47810,2
2015-01,47820,6
2015-01,47890,22
2015-01,47910,187
2015-01,47990,137
2015-01,47421,3
2015-01,47429,7
2015-01,47591,2
2015-01,47599,49
2015-01,47721,10
2015-01,47722,6
2015-01,47749,11
2015-02,47110,102
2015-02,47190,110
2015-02,47210,13
2015-02,47220,14
2015-02,47230,8
2015-02,47240,18
2015-02,47250,19
2015-02,47260,5
2015-02,47290,28
2015-02,47300,9
2015-02,47410,16
2015-02,47430,9
2015-02,47510,17
2015-02,47520,13
2015-02,47530,20
2015-02,47540,15
2015-02,47610,4
2015-02,47620,12
2015-02,47630,6
2015-02,47640,24
2015-02,47650,9
2015-02,47710,108
2015-02,47730,8
2015-02,47750,13
2015-02,47760,24
2015-02,47770,15
2015-02,47781,6
2015-02,47782,2
2015-02,47789,52
2015-02,47791,8
2015-02,47799,8
2015-02,47810,10
2015-02,47820,13
2015-02,47890,24
2015-02,47910,270
2015-02,47990,175
2015-02,47421,11
2015-02,47429,7
2015-02,47591,3
2015-02,47599,50
2015-02,47721,13
2015-02,47722,5
2015-02,47741,2
2015-02,47749,6
2015-03,47110,94
2015-03,47190,117
2015-03,47210,14
2015-03,47220,15
2015-03,47230,8
2015-03,47240,21
2015-03,47250,26
2015-03,47260,4
2015-03,47290,43
2015-03,47300,8
2015-03,47410,13
2015-03,47430,6
2015-03,47510,16
2015-03,47520,5
2015-03,47530,18
2015-03,47540,12
2015-03,47610,8
2015-03,47620,6
2015-03,47421,13
2015-03,47429,8
2015-03,47591,9
2015-03,47599,46
2015-03,47630,2
2015-03,47640,24
2015-03,47650,11
2015-03,47710,112
2015-03,47721,13
2015-03,47722,3
2015-03,47730,10
2015-03,47749,12
2015-03,47750,13
2015-03,47760,17
2015-03,47770,15
2015-03,47781,6
2015-03,47782,2
2015-03,47789,54
2015-03,47791,5
2015-03,47799,11
2015-03,47810,6
2015-03,47820,15
2015-03,47890,33
2015-03,47910,284
2015-03,47990,212
2015-04,47110,66
2015-04,47190,80
2015-04,47210,10
2015-04,47220,11
2015-04,47230,4
2015-04,47240,12
2015-04,47250,11
2015-04,47260,2
2015-04,47290,21
2015-04,47300,3
2015-04,47410,9
2015-04,47421,7
2015-04,47429,8
2015-04,47430,2
2015-04,47510,11
2015-04,47520,5
2015-04,47530,13
2015-04,47540,11
2015-04,47591,1
2015-04,47599,45
2015-04,47610,4
2015-04,47620,7
2015-04,47640,17
2015-04,47650,7
2015-04,47710,66
2015-04,47721,18
2015-04,47722,5
2015-04,47730,2
2015-04,47741,2
2015-04,47749,3
2015-04,47750,15
2015-04,47760,16
2015-04,47770,10
2015-04,47781,4
2015-04,47782,2
2015-04,47789,35
2015-04,47791,6
2015-04,47799,9
2015-04,47810,1
2015-04,47820,6
2015-04,47890,12
2015-04,47910,136
2015-04,47990,120
2015-05,47110,93
2015-05,47190,114
2015-05,47210,10
2015-05,47220,9
2015-05,47230,2
2015-05,47240,14
2015-05,47250,21
2015-05,47260,4
2015-05,47290,32
2015-05,47300,6
2015-05,47410,12
2015-05,47421,13
2015-05,47429,4
2015-05,47430,6
2015-05,47510,16
2015-05,47520,11
2015-05,47530,24
2015-05,47540,17
2015-05,47591,1
2015-05,47599,41
2015-05,47610,8
2015-05,47620,13
2015-05,47630,1
2015-05,47640,46
2015-05,47650,10
2015-05,47710,105
2015-05,47721,19
2015-05,47722,5
2015-05,47730,14
2015-05,47741,3
2015-05,47749,4
2015-05,47750,11
2015-05,47760,22
2015-05,47770,10
2015-05,47781,4
2015-05,47782,6
2015-05,47789,54
2015-05,47791,5
2015-05,47799,18
2015-05,47810,7
2015-05,47820,23
2015-05,47890,36
2015-05,47910,281
2015-05,47990,175
2015-06,47110,108
2015-06,47190,124
2015-06,47210,7
2015-06,47220,17
2015-06,47230,5
2015-06,47240,15
2015-06,47250,15
2015-06,47260,5
2015-06,47290,33
2015-06,47300,11
2015-06,47410,13
2015-06,47421,6
2015-06,47429,2
2015-06,47430,3
2015-06,47510,12
2015-06,47520,18
2015-06,47530,20
2015-06,47540,15
2015-06,47591,6
2015-06,47599,41
2015-06,47610,7
2015-06,47620,13
2015-06,47630,2
2015-06,47640,25
2015-06,47650,12
2015-06,47710,98
2015-06,47721,22
2015-06,47722,3
2015-06,47730,6
2015-06,47741,2
2015-06,47749,10
2015-06,47750,26
2015-06,47760,27
2015-06,47770,20
2015-06,47781,8
2015-06,47782,4
2015-06,47789,46
2015-06,47791,11
2015-06,47799,18
2015-06,47810,5
2015-06,47820,13
2015-06,47890,18
2015-06,47910,288
2015-06,47990,178
2015-07,47110,79
2015-07,47190,98
2015-07,47210,16
2015-07,47220,8
2015-07,47230,7
2015-07,47240,11
2015-07,47250,13
2015-07,47260,10
2015-07,47290,23
2015-07,47300,6
2015-07,47410,11
2015-07,47421,7
2015-07,47429,5
2015-07,47430,9
2015-07,47510,9
2015-07,47520,11
2015-07,47530,18
2015-07,47540,13
2015-07,47599,42
2015-07,47610,7
2015-07,47620,12
2015-07,47630,3
2015-07,47640,25
2015-07,47650,8
2015-07,47710,95
2015-07,47721,9
2015-07,47722,5
2015-07,47730,4
2015-07,47741,4
2015-07,47749,13
2015-07,47750,12
2015-07,47760,21
2015-07,47770,14
2015-07,47781,10
2015-07,47782,4
2015-07,47789,59
2015-07,47791,6
2015-07,47799,12
2015-07,47810,3
2015-07,47820,10
2015-07,47890,20
2015-07,47910,214
2015-07,47990,163
2015-08,47110,93
2015-08,47190,122
2015-08,47210,15
2015-08,47220,11
2015-08,47230,3
2015-08,47240,25
2015-08,47250,20
2015-08,47260,6
2015-08,47290,30
2015-08,47300,6
2015-08,47410,10
2015-08,47421,9
2015-08,47429,3
2015-08,47430,6
2015-08,47510,19
2015-08,47520,14
2015-08,47530,16
2015-08,47540,25
2015-08,47591,6
2015-08,47599,56
2015-08,47610,6
2015-08,47620,14
2015-08,47630,3
2015-08,47640,31
2015-08,47650,11
2015-08,47710,108
2015-08,47721,15
2015-08,47722,4
2015-08,47730,22
2015-08,47741,1
2015-08,47749,9
2015-08,47750,18
2015-08,47760,22
2015-08,47770,23
2015-08,47781,10
2015-08,47782,2
2015-08,47789,68
2015-08,47791,6
2015-08,47799,21
2015-08,47810,7
2015-08,47820,10
2015-08,47890,23
2015-08,47910,266
2015-08,47990,199
2015-09,47110,110
2015-09,47190,131
2015-09,47210,18
2015-09,47220,19
2015-09,47230,4
2015-09,47240,14
2015-09,47250,21
2015-09,47260,4
2015-09,47290,37
2015-09,47300,7
2015-09,47410,21
2015-09,47421,11
2015-09,47429,11
2015-09,47430,10
2015-09,47510,20
2015-09,47520,10
2015-09,47530,19
2015-09,47540,17
2015-09,47591,4
2015-09,47599,47
2015-09,47610,11
2015-09,47620,13
2015-09,47630,1
2015-09,47640,31
2015-09,47650,10
2015-09,47710,127
2015-09,47721,13
2015-09,47722,4
2015-09,47730,6
2015-09,47749,11
2015-09,47750,15
2015-09,47760,38
2015-09,47770,21
2015-09,47781,9
2015-09,47782,3
2015-09,47789,78
2015-09,47791,12
2015-09,47799,20
2015-09,47810,3
2015-09,47820,10
2015-09,47890,26
2015-09,47910,327
2015-09,47990,234
2015-10,47110,72
2015-10,47190,90
2015-10,47210,6
2015-10,47220,15
2015-10,47230,5
2015-10,47240,20
2015-10,47250,7
2015-10,47260,4
2015-10,47290,28
2015-10,47300,4
2015-10,47410,12
2015-10,47421,9
2015-10,47429,4
2015-10,47430,11
2015-10,47510,12
2015-10,47520,13
2015-10,47530,15
2015-10,47540,18
2015-10,47591,2
2015-10,47599,32
2015-10,47610,4
2015-10,47620,14
2015-10,47630,1
2015-10,47640,21
2015-10,47650,5
2015-10,47710,111
2015-10,47721,12
2015-10,47722,4
2015-10,47730,7
2015-10,47749,4
2015-10,47750,16
2015-10,47760,15
2015-10,47770,7
2015-10,47781,7
2015-10,47782,3
2015-10,47789,63
2015-10,47791,4
2015-10,47799,11
2015-10,47810,7
2015-10,47820,13
2015-10,47890,34
2015-10,47910,222
2015-10,47990,185
2015-11,47110,99
2015-11,47190,113
2015-11,47210,6
2015-11,47220,16
2015-11,47230,5
2015-11,47240,15
2015-11,47250,18
2015-11,47260,9
2015-11,47290,27
2015-11,47300,5
2015-11,47410,18
2015-11,47421,13
2015-11,47429,7
2015-11,47430,5
2015-11,47510,23
2015-11,47520,7
2015-11,47530,24
2015-11,47540,15
2015-11,47591,7
2015-11,47599,43
2015-11,47610,4
2015-11,47620,6
2015-11,47630,3
2015-11,47640,36
2015-11,47650,8
2015-11,47710,104
2015-11,47721,15
2015-11,47722,7
2015-11,47730,5
2015-11,47749,5
2015-11,47750,22
2015-11,47760,16
2015-11,47770,18
2015-11,47781,1
2015-11,47782,4
2015-11,47789,56
2015-11,47791,11
2015-11,47799,18
2015-11,47810,4
2015-11,47820,13
2015-11,47890,36
2015-11,47910,265
2015-11,47990,206
2015-12,47110,106
2015-12,47190,105
2015-12,47210,11
2015-12,47220,8
2015-12,47230,3
2015-12,47240,14
2015-12,47250,21
2015-12,47260,3
2015-12,47290,28
2015-12,47300,7
2015-12,47410,17
2015-12,47421,21
2015-12,47429,11
2015-12,47430,8
2015-12,47510,18
2015-12,47520,14
2015-12,47530,20
2015-12,47540,11
2015-12,47591,2
2015-12,47599,55
2015-12,47610,4
2015-12,47620,11
2015-12,47630,2
2015-12,47640,38
2015-12,47650,8
2015-12,47710,116
2015-12,47721,13
2015-12,47722,6
2015-12,47730,12
2015-12,47741,1
2015-12,47749,12
2015-12,47750,20
2015-12,47760,19
2015-12,47770,18
2015-12,47781,4
2015-12,47782,1
2015-12,47789,63
2015-12,47791,4
2015-12,47799,10
2015-12,47810,5
2015-12,47820,8
2015-12,47890,25
2015-12,47910,239
2015-12,47990,181
2016-01,47110,154
2016-01,47190,162
2016-01,47210,22
2016-01,47220,22
2016-01,47230,8
2016-01,47240,19
2016-01,47250,33
2016-01,47260,7
2016-01,47290,43
2016-01,47300,8
2016-01,47410,25
2016-01,47421,15
2016-01,47429,11
2016-01,47430,13
2016-01,47510,28
2016-01,47520,29
2016-01,47530,26
2016-01,47540,28
2016-01,47591,9
2016-01,47599,74
2016-01,47610,11
2016-01,47620,15
2016-01,47630,6
2016-01,47640,52
2016-01,47650,17
2016-01,47710,177
2016-01,47721,27
2016-01,47722,13
2016-01,47730,8
2016-01,47741,1
2016-01,47749,22
2016-01,47750,31
2016-01,47760,29
2016-01,47770,33
2016-01,47781,9
2016-01,47782,5
2016-01,47789,89
2016-01,47791,15
2016-01,47799,23
2016-01,47810,7
2016-01,47820,23
2016-01,47890,40
2016-01,47910,424
2016-01,47990,330
2016-02,47110,94
2016-02,47190,152
2016-02,47210,7
2016-02,47220,23
2016-02,47230,4
2016-02,47240,18
2016-02,47250,23
2016-02,47260,5
2016-02,47290,38
2016-02,47300,12
2016-02,47410,14
2016-02,47421,10
2016-02,47429,7
2016-02,47430,6
2016-02,47510,17
2016-02,47520,10
2016-02,47530,18
2016-02,47540,18
2016-02,47591,4
2016-02,47599,51
2016-02,47610,9
2016-02,47620,13
2016-02,47630,2
2016-02,47640,29
2016-02,47650,17
2016-02,47710,135
2016-02,47721,12
2016-02,47722,3
2016-02,47730,9
2016-02,47749,12
2016-02,47750,14
2016-02,47760,28
2016-02,47770,33
2016-02,47781,5
2016-02,47782,8
2016-02,47789,64
2016-02,47791,8
2016-02,47799,11
2016-02,47810,6
2016-02,47820,14
2016-02,47890,31
2016-02,47910,324
2016-02,47990,243
2016-03,47110,172
2016-03,47190,171
2016-03,47210,27
2016-03,47220,19
2016-03,47230,7
2016-03,47240,29
2016-03,47250,38
2016-03,47260,7
2016-03,47290,59
2016-03,47300,11
2016-03,47410,14
2016-03,47421,15
2016-03,47429,11
2016-03,47430,8
2016-03,47510,29
2016-03,47520,23
2016-03,47530,26
2016-03,47540,25
2016-03,47591,5
2016-03,47599,73
2016-03,47610,8
2016-03,47620,19
2016-03,47630,5
2016-03,47640,41
2016-03,47650,7
2016-03,47710,174
2016-03,47721,20
2016-03,47722,6
2016-03,47730,7
2016-03,47749,21
2016-03,47750,25
2016-03,47760,32
2016-03,47770,21
2016-03,47781,8
2016-03,47782,4
2016-03,47789,61
2016-03,47791,18
2016-03,47799,24
2016-03,47810,8
2016-03,47820,13
2016-03,47890,25
2016-03,47910,415
2016-03,47990,323
2016-04,47110,125
2016-04,47190,152
2016-04,47210,13
2016-04,47220,21
2016-04,47230,9
2016-04,47240,18
2016-04,47250,19
2016-04,47260,5
2016-04,47290,46
2016-04,47300,8
2016-04,47410,19
2016-04,47421,12
2016-04,47429,14
2016-04,47430,6
2016-04,47510,20
2016-04,47520,10
2016-04,47530,16
2016-04,47540,27
2016-04,47591,7
2016-04,47599,70
2016-04,47610,9
2016-04,47620,29
2016-04,47630,3
2016-04,47640,37
2016-04,47650,11
2016-04,47710,152
2016-04,47721,24
2016-04,47722,7
2016-04,47730,8
2016-04,47741,2
2016-04,47749,8
2016-04,47750,25
2016-04,47760,29
2016-04,47770,23
2016-04,47781,9
2016-04,47782,2
2016-05,47750,19
2016-05,47760,29
2016-05,47770,29
2016-05,47781,10
2016-05,47782,6
2016-05,47789,79
2016-05,47791,10
2016-05,47799,20
2016-05,47810,7
2016-05,47820,22
2016-05,47890,34
2016-05,47910,392
2016-05,47990,299
2016-06,47110,122
2016-06,47190,142
2016-06,47210,13
2016-06,47220,4
2016-06,47230,4
2016-06,47240,13
2016-06,47250,27
2016-06,47260,7
2016-06,47290,44
2016-06,47300,9
2016-06,47410,12
2016-06,47421,9
2016-06,47429,8
2016-06,47430,1
2016-06,47510,20
2016-06,47520,14
2016-06,47530,24
2016-06,47540,15
2016-06,47591,3
2016-06,47599,56
2016-06,47610,7
2016-06,47620,15
2016-06,47630,2
2016-06,47640,23
2016-06,47650,20
2016-06,47710,122
2016-06,47721,18
2016-06,47722,10
2016-06,47730,6
2016-06,47749,12
2016-06,47750,17
2016-06,47760,23
2016-06,47770,24
2016-06,47781,11
2016-06,47782,1
2016-06,47789,44
2016-06,47791,10
2016-06,47799,16
2016-06,47810,4
2016-06,47820,15
2016-06,47890,34
2016-06,47910,308
2016-06,47990,216
2016-07,47110,115
2016-07,47190,145
2016-07,47210,11
2016-07,47220,9
2016-07,47230,6
2016-07,47240,22
2016-07,47250,21
2016-07,47260,6
2016-07,47290,40
2016-07,47300,11
2016-07,47410,19
2016-07,47421,16
2016-07,47429,5
2016-07,47430,8
2016-07,47510,13
2016-07,47520,8
2016-07,47530,23
2016-07,47540,10
2016-07,47591,8
2016-07,47599,50
2016-07,47610,6
2016-07,47620,16
2016-07,47630,1
2016-07,47640,35
2016-07,47650,10
2016-07,47710,126
2016-07,47721,12
2016-07,47722,5
2016-07,47730,13
2016-07,47741,1
2016-07,47749,15
2016-07,47750,24
2016-07,47760,26
2016-07,47770,18
2016-07,47781,5
2016-07,47782,2
2016-07,47789,67
2016-07,47791,6
2016-07,47799,17
2016-07,47810,6
2016-07,47820,18
2016-07,47890,23
2016-07,47910,313
2016-07,47990,214
2016-08,47110,144
2016-08,47190,156
2016-08,47210,17
2016-08,47220,22
2016-08,47230,4
2016-08,47240,22
2016-08,47250,18
2016-08,47260,7
2016-08,47290,49
2016-08,47300,11
2016-08,47410,15
2016-08,47421,13
2016-08,47429,5
2016-08,47430,11
2016-08,47510,25
2016-08,47520,15
2016-08,47530,19
2016-08,47540,19
2016-08,47591,5
2016-08,47599,59
2016-08,47610,11
2016-08,47620,24
2016-08,47630,3
2016-08,47640,45
2016-08,47650,16
2016-08,47710,126
2016-08,47721,16
2016-08,47722,6
2016-08,47730,18
2016-08,47741,1
2016-08,47749,9
2016-08,47750,24
2016-08,47760,27
2016-08,47770,24
2016-08,47781,7
2016-08,47782,5
2016-08,47789,65
2016-08,47791,8
2016-08,47799,17
2016-08,47810,5
2016-08,47820,15
2016-08,47890,48
2016-08,47910,322
2016-08,47990,245
2016-09,47110,105
2016-09,47190,128
2016-09,47210,13
2016-09,47220,19
2016-09,47230,10
2016-09,47240,17
2016-09,47250,15
2016-09,47260,5
2016-09,47290,33
2016-09,47300,8
2016-09,47410,9
2016-09,47421,9
2016-09,47429,7
2016-09,47430,7
2016-09,47510,23
2016-11,47910,484
2016-11,47990,336
2016-12,47110,125
2016-12,47190,126
2016-12,47210,15
2016-12,47220,8
2016-12,47230,6
2016-12,47240,21
2016-12,47250,19
2016-12,47260,5
2016-12,47290,46
2016-12,47300,12
2016-12,47410,24
2016-12,47421,14
2016-12,47429,14
2016-12,47430,2
2016-12,47510,24
2016-12,47520,8
2016-12,47530,23
2016-12,47540,17
2016-12,47591,2
2016-12,47599,52
2016-12,47610,9
2016-12,47620,19
2016-12,47630,3
2016-12,47640,40
2016-12,47650,14
2016-12,47710,137
2016-12,47721,16
2016-12,47722,10
2016-12,47730,10
2016-12,47741,1
2016-12,47749,19
2016-12,47750,19
2016-12,47760,29
2016-12,47770,22
2016-12,47781,7
2016-12,47782,2
2016-12,47789,75
2016-12,47791,13
2016-12,47799,19
2016-12,47810,8
2016-12,47820,13
2016-12,47890,25
2016-12,47910,358
2016-12,47990,202
2017-01,47110,147
2017-01,47190,145
2017-01,47210,20
2017-01,47220,13
2017-01,47230,7
2017-01,47240,32
2017-01,47250,26
2017-01,47260,13
2017-01,47290,36
2017-01,47300,12
2017-01,47410,20
2017-01,47421,9
2017-01,47429,12
2017-01,47430,5
2017-01,47510,16
2017-01,47520,12
2017-01,47530,18
2017-01,47540,18
2017-01,47591,4
2017-01,47599,55
2017-01,47610,9
2017-01,47620,16
2017-01,47630,1
2017-01,47640,38
2017-01,47650,18
2017-01,47710,106
2017-01,47721,17
2017-01,47722,9
2017-01,47730,12
2017-01,47741,2
2017-01,47749,8
2017-01,47750,24
2017-01,47760,20
2017-01,47770,24
2017-01,47781,9
2017-01,47782,4
2017-01,47789,77
2017-01,47791,7
2017-01,47799,22
2017-01,47810,6
2017-01,47820,20
2017-01,47890,38
2017-01,47910,386
2017-01,47990,213
2017-02,47110,108
2017-02,47190,102
2017-02,47210,6
2017-02,47220,9
2017-02,47230,4
2017-02,47240,12
2017-02,47250,16
2017-02,47260,8
2017-02,47290,35
2017-02,47300,4
2017-02,47410,10
2017-02,47421,10
2017-02,47429,2
2017-02,47430,5
2017-02,47510,27
2017-02,47520,11
2017-02,47530,18
2017-02,47540,18
2017-02,47591,5
2017-02,47599,37
2017-02,47610,10
2017-02,47620,9
2017-02,47630,1
2017-02,47640,24
2017-02,47650,6
2017-02,47710,142
2017-02,47721,25
2017-02,47722,6
2017-02,47730,13
2017-02,47741,1
2017-02,47749,12
2017-02,47750,24
2017-02,47760,18
2017-02,47770,23
2017-02,47781,3
2017-02,47782,5
2017-02,47789,52
2017-02,47791,9
2017-02,47799,15
2017-02,47810,8
2017-02,47820,12
2017-02,47890,28
2017-02,47910,269
2017-02,47990,180
2017-03,47110,117
2017-03,47190,122
2017-03,47210,8
2017-03,47220,18
2017-03,47230,6
2017-03,47240,26
2017-03,47250,26
2017-03,47260,4
2017-03,47290,23
2017-03,47300,5
2017-03,47410,12
2017-03,47421,9
2017-03,47429,10
2017-03,47430,6
2017-03,47510,17
2017-03,47520,14
2017-03,47530,12
2017-03,47540,17
2017-03,47591,5
2017-03,47599,46
2017-03,47610,5
2017-03,47620,17
2017-03,47630,3
2017-03,47640,29
2017-03,47650,4
2017-03,47710,117
2017-03,47721,11
2017-03,47722,3
2017-03,47730,12
2017-03,47741,1
2017-03,47749,6
2017-03,47750,19
2017-03,47760,23
2017-03,47770,21
2017-03,47781,6
2017-03,47782,5
2017-03,47789,58
2017-03,47791,4
2017-03,47799,17
2017-03,47810,7
2017-03,47820,18
2017-03,47890,25
2017-03,47910,283
2017-03,47990,199
2017-04,47110,95
2017-04,47190,149
2017-04,47210,21
2017-04,47220,16
2017-04,47230,9
2017-04,47240,17
2017-04,47250,20
2017-04,47260,13
2017-04,47290,35
2017-04,47300,9
2017-04,47410,24
2017-04,47421,13
2017-04,47429,7
2017-04,47430,10
2017-04,47510,25
2017-04,47520,8
2017-04,47530,31
2017-04,47540,19
2017-06,47782,2
2017-06,47789,45
2017-06,47791,8
2017-06,47799,12
2017-06,47810,8
2017-06,47820,17
2017-06,47890,35
2017-06,47910,310
2017-06,47990,210
2017-07,47110,112
2017-07,47190,121
2017-07,47210,12
2017-07,47220,15
2017-07,47230,6
2017-07,47240,19
2017-07,47250,20
2017-07,47260,6
2017-07,47290,44
2017-07,47300,3
2017-07,47410,15
2017-07,47421,17
2017-07,47429,5
2017-07,47430,8
2017-07,47510,21
2017-07,47520,14
2017-07,47530,18
2017-07,47540,20
2017-07,47591,5
2017-07,47599,54
2017-07,47610,6
2017-07,47620,19
2017-07,47630,7
2017-07,47640,40
2017-07,47650,14
2017-07,47710,117
2017-07,47721,20
2017-07,47722,4
2017-07,47730,8
2017-07,47749,11
2017-07,47750,20
2017-07,47760,21
2017-07,47770,29
2017-07,47781,3
2017-07,47782,4
2017-07,47789,48
2017-07,47791,13
2017-07,47799,15
2017-07,47810,8
2017-07,47820,23
2017-07,47890,38
2017-07,47910,357
2017-07,47990,212
2017-08,47110,175
2017-08,47190,184
2017-08,47210,17
2017-08,47220,18
2017-08,47230,4
2017-08,47240,34
2017-08,47250,28
2017-08,47260,10
2017-08,47290,54
2017-08,47300,8
2017-08,47410,21
2017-08,47421,12
2017-08,47429,17
2017-08,47430,7
2017-08,47510,19
2017-08,47520,12
2017-08,47530,21
2017-08,47540,26
2017-08,47591,8
2017-08,47599,62
2017-08,47610,6
2017-08,47620,16
2017-08,47630,4
2017-08,47640,51
2017-08,47650,11
2017-08,47710,149
2017-08,47721,21
2017-08,47722,1
2017-08,47730,18
2017-08,47741,1
2017-08,47749,19
2017-08,47750,26
2017-08,47760,39
2017-08,47770,33
2017-08,47781,7
2017-08,47782,4
2017-08,47789,61
2017-08,47791,7
2017-08,47799,16
2017-08,47810,7
2017-08,47820,22
2017-08,47890,27
2017-08,47910,450
2017-08,47990,306
2017-09,47110,133
2017-09,47190,166
2017-09,47210,16
2017-09,47220,23
2017-09,47230,6
2017-09,47240,21
2017-09,47250,19
2017-09,47260,6
2017-09,47290,44
2017-09,47300,5
2017-09,47410,22
2017-09,47421,22
2017-09,47429,8
2017-09,47430,10
2017-09,47510,20
2017-09,47520,12
2017-09,47530,20
2017-09,47540,17
2017-09,47591,5
2017-09,47599,67
2017-09,47610,4
2017-09,47620,16
2017-09,47630,3
2017-09,47640,38
2017-09,47650,10
2017-09,47710,124
2017-09,47721,9
2017-09,47722,9
2017-09,47730,7
2017-09,47741,1
2017-09,47749,13
2017-09,47750,22
2017-09,47760,27
2017-09,47770,27
2017-09,47781,3
2017-09,47782,9
2017-09,47789,74
2017-09,47791,9
2017-09,47799,13
2017-09,47810,5
2017-09,47820,24
2017-09,47890,33
2017-09,47910,399
2017-09,47990,248
2017-10,47110,166
2017-10,47190,164
2017-10,47210,16
2017-10,47220,17
2017-10,47230,5
2017-10,47240,16
2017-10,47250,25
2017-10,47260,9
2017-10,47290,45
2017-10,47300,8
2017-10,47410,15
2017-10,47421,24
2017-10,47429,15
2017-10,47430,5
2017-10,47510,25
2017-10,47520,18
2017-10,47530,26
2017-10,47540,24
2017-10,47591,5
2017-10,47599,64
2017-10,47610,2
2017-12,47820,16
2017-12,47890,34
2017-12,47910,381
2017-12,47990,198
2018-01,47110,273
2018-01,47190,285
2018-01,47210,20
2018-01,47220,35
2018-01,47230,17
2018-01,47240,42
2018-01,47250,41
2018-01,47260,15
2018-01,47290,82
2018-01,47300,22
2018-01,47410,43
2018-01,47421,35
2018-01,47429,22
2018-01,47430,16
2018-01,47510,54
2018-01,47520,25
2018-01,47530,24
2018-01,47540,34
2018-01,47591,8
2018-01,47599,112
2018-01,47610,15
2018-01,47620,20
2018-01,47630,10
2018-01,47640,71
2018-01,47650,27
2018-01,47710,290
2018-01,47721,34
2018-01,47722,16
2018-01,47730,22
2018-01,47741,1
2018-01,47749,23
2018-01,47750,62
2018-01,47760,43
2018-01,47770,50
2018-01,47781,10
2018-01,47782,11
2018-01,47789,104
2018-01,47791,17
2018-01,47799,35
2018-01,47810,23
2018-01,47820,38
2018-01,47890,59
2018-01,47910,932
2018-01,47990,490
2018-02,47110,194
2018-02,47190,205
2018-02,47210,22
2018-02,47220,22
2018-02,47230,9
2018-02,47240,29
2018-02,47250,33
2018-02,47260,15
2018-02,47290,57
2018-02,47300,12
2018-02,47410,27
2018-02,47421,19
2018-02,47429,26
2018-02,47430,9
2018-02,47510,33
2018-02,47520,13
2018-02,47530,23
2018-02,47540,23
2018-02,47591,2
2018-02,47599,71
2018-02,47610,6
2018-02,47620,19
2018-02,47630,4
2018-02,47640,59
2018-02,47650,23
2018-02,47710,200
2018-02,47721,22
2018-02,47722,11
2018-02,47730,6
2018-02,47749,15
2018-02,47750,51
2018-02,47760,40
2018-02,47770,35
2018-02,47781,14
2018-02,47782,6
2018-02,47789,81
2018-02,47791,9
2018-02,47799,23
2018-02,47810,14
2018-02,47820,22
2018-02,47890,43
2018-02,47910,671
2018-02,47990,350
2018-03,47110,162
2018-03,47190,193
2018-03,47210,16
2018-03,47220,18
2018-03,47230,9
2018-03,47240,39
2018-03,47250,24
2018-03,47260,21
2018-03,47290,46
2018-03,47300,8
2018-03,47410,30
2018-03,47421,33
2018-03,47429,10
2018-03,47430,15
2018-03,47510,31
2018-03,47520,14
2018-03,47530,18
2018-03,47540,16
2018-03,47591,8
2018-03,47599,59
2018-03,47610,12
2018-03,47620,22
2018-03,47630,4
2018-03,47640,40
2018-03,47650,25
2018-03,47710,180
2018-03,47721,28
2018-03,47722,7
2018-03,47730,12
2018-03,47749,12
2018-03,47750,28
2018-03,47760,30
2018-03,47770,28
2018-03,47781,9
2018-03,47782,5
2018-03,47789,68
2018-03,47791,14
2018-03,47799,18
2018-03,47810,8
2018-03,47820,34
2018-03,47890,48
2018-03,47910,506
2018-03,47990,265
2018-04,47110,186
2018-04,47190,252
2018-04,47210,23
2018-04,47220,22
2018-04,47230,8
2018-04,47240,31
2018-04,47250,26
2018-04,47260,12
2018-04,47290,54
2018-04,47300,9
2018-04,47410,34
2018-04,47421,34
2018-04,47429,30
2018-04,47430,12
2018-04,47510,23
2018-04,47520,8
2018-04,47530,24
2018-04,47540,28
2018-04,47591,4
2018-04,47599,83
2018-04,47610,6
2018-04,47620,21
2018-04,47630,6
2018-04,47640,58
2018-04,47650,23
2018-04,47710,209
2018-04,47721,31
2018-04,47722,4
2018-04,47730,18
2018-04,47741,1
2018-04,47749,14
2018-04,47750,38
2018-04,47760,33
2018-04,47770,49
2018-04,47781,10
2018-04,47782,3
2018-04,47789,91
2018-04,47791,16
2018-04,47799,19
2018-04,47810,8
2018-04,47820,32
2018-04,47890,39
2018-04,47910,694
2018-04,47990,334
2018-05,47110,220
2018-05,47190,224
2018-05,47210,26
2018-05,47220,29
2018-05,47230,11
2018-05,47240,35
2018-05,47250,34
2018-07,47410,36
2018-07,47421,28
2018-07,47429,21
2018-07,47430,14
2018-07,47510,36
2018-07,47520,23
2018-07,47530,33
2018-07,47540,40
2018-07,47591,6
2018-07,47599,102
2018-07,47610,10
2018-07,47620,28
2018-07,47630,6
2018-07,47640,83
2018-07,47650,28
2018-07,47710,249
2018-07,47721,34
2018-07,47722,10
2018-07,47730,12
2018-07,47741,2
2018-07,47749,22
2018-07,47750,64
2018-07,47760,48
2018-07,47770,47
2018-07,47781,15
2018-07,47782,11
2018-07,47789,98
2018-07,47791,25
2018-07,47799,27
2018-07,47810,27
2018-07,47820,39
2018-07,47890,67
2018-07,47910,868
2018-07,47990,393
2018-08,47110,202
2018-08,47190,245
2018-08,47210,19
2018-08,47220,27
2018-08,47230,11
2018-08,47240,36
2018-08,47250,37
2018-08,47260,23
2018-08,47290,64
2018-08,47300,6
2018-08,47410,29
2018-08,47421,38
2018-08,47429,28
2018-08,47430,11
2018-08,47510,34
2018-08,47520,18
2018-08,47530,16
2018-08,47540,32
2018-08,47591,2
2018-08,47599,68
2018-08,47610,9
2018-08,47620,22
2018-08,47630,9
2018-08,47640,59
2018-08,47650,19
2018-08,47710,190
2018-08,47721,38
2018-08,47722,16
2018-08,47730,14
2018-08,47741,3
2018-08,47749,18
2018-08,47750,55
2018-08,47760,38
2018-08,47770,53
2018-08,47781,11
2018-08,47782,6
2018-08,47789,68
2018-08,47791,13
2018-08,47799,20
2018-08,47810,17
2018-08,47820,44
2018-08,47890,48
2018-08,47910,636
2018-08,47990,480
2018-09,47110,207
2018-09,47190,241
2018-09,47210,24
2018-09,47220,27
2018-09,47230,11
2018-09,47240,27
2018-09,47250,36
2018-09,47260,23
2018-09,47290,52
2018-09,47300,10
2018-09,47410,40
2018-09,47421,38
2018-09,47429,25
2018-09,47430,10
2018-09,47510,31
2018-09,47520,27
2018-09,47530,17
2018-09,47540,28
2018-09,47591,3
2018-09,47599,69
2018-09,47610,7
2018-09,47620,13
2018-09,47630,1
2018-09,47640,60
2018-09,47650,16
2018-09,47710,234
2018-09,47721,32
2018-09,47722,9
2018-09,47730,6
2018-09,47741,3
2018-09,47749,10
2018-09,47750,42
2018-09,47760,34
2018-09,47770,54
2018-09,47781,11
2018-09,47782,3
2018-09,47789,81
2018-09,47791,17
2018-09,47799,22
2018-09,47810,10
2018-09,47820,35
2018-09,47890,49
2018-09,47910,679
2018-09,47990,376
2018-10,47110,204
2018-10,47190,272
2018-10,47210,42
2018-10,47220,32
2018-10,47230,8
2018-10,47240,47
2018-10,47250,34
2018-10,47260,28
2018-10,47290,71
2018-10,47300,14
2018-10,47410,40
2018-10,47421,33
2018-10,47429,19
2018-10,47430,10
2018-10,47510,35
2018-10,47520,19
2018-10,47530,25
2018-10,47540,22
2018-10,47591,3
2018-10,47599,88
2018-10,47610,17
2018-10,47620,20
2018-10,47630,11
2018-10,47640,69
2018-10,47650,34
2018-10,47710,246
2018-10,47721,30
2018-10,47722,15
2018-10,47730,17
2018-10,47749,13
2018-10,47750,34
2018-10,47760,41
2018-10,47770,46
2018-10,47781,8
2018-10,47782,6
2018-10,47789,94
2018-10,47791,9
2018-10,47799,31
2018-10,47810,22
2018-10,47820,45
2018-10,47890,61
2018-10,47910,871
2018-10,47990,380
2018-11,47110,224
2018-11,47190,210
2018-11,47210,18
2018-11,47220,38
2018-11,47230,13
2018-11,47240,39
2018-11,47250,33
2018-11,47260,25
2018-11,47290,75
2018-11,47300,12
2018-11,47410,32
2018-11,47421,30
2018-11,47429,12
2018-11,47430,11
2018-11,47510,35
2018-11,47520,20
2018-11,47530,38
2018-11,47540,26
2018-11,47591,6
2018-11,47599,76
2018-11,47610,15
2018-11,47620,24
2019-02,47290,75
2019-02,47300,17
2019-02,47410,38
2019-02,47421,36
2019-02,47429,21
2019-02,47430,9
2019-02,47510,41
2019-02,47520,16
2019-02,47530,35
2019-02,47540,23
2019-02,47591,7
2019-02,47599,91
2019-02,47610,9
2019-02,47620,18
2019-02,47630,9
2019-02,47640,72
2019-02,47650,32
2019-02,47710,238
2019-02,47721,37
2019-02,47722,21
2019-02,47730,25
2019-02,47749,20
2019-02,47750,64
2019-02,47760,43
2019-02,47770,59
2019-02,47781,11
2019-02,47782,9
2019-02,47789,106
2019-02,47791,11
2019-02,47799,20
2019-02,47810,23
2019-02,47820,48
2019-02,47890,46
2019-02,47910,798
2019-02,47990,381
2019-03,47110,186
2019-03,47190,214
2019-03,47210,29
2019-03,47220,15
2019-03,47230,6
2019-03,47240,30
2019-03,47250,35
2019-03,47260,9
2019-03,47290,39
2019-03,47300,9
2019-03,47410,26
2019-03,47421,23
2019-03,47429,12
2019-03,47430,13
2019-03,47510,36
2019-03,47520,12
2019-03,47530,19
2019-03,47540,18
2019-03,47591,4
2019-03,47599,77
2019-03,47610,8
2019-03,47620,12
2019-03,47630,5
2019-03,47640,66
2019-03,47650,19
2019-03,47710,181
2019-03,47721,29
2019-03,47722,6
2019-03,47730,15
2019-03,47741,2
2019-03,47749,12
2019-03,47750,51
2019-03,47760,33
2019-03,47770,36
2019-03,47781,12
2019-03,47782,7
2019-03,47789,63
2019-03,47791,12
2019-03,47799,18
2019-03,47810,17
2019-03,47820,39
2019-03,47890,41
2019-03,47910,602
2019-03,47990,291
2019-04,47110,290
2019-04,47190,381
2019-04,47210,40
2019-04,47220,42
2019-04,47230,13
2019-04,47240,68
2019-04,47250,63
2019-04,47260,27
2019-04,47290,104
2019-04,47300,13
2019-04,47410,63
2019-04,47421,66
2019-04,47429,41
2019-04,47430,19
2019-04,47510,41
2019-04,47520,26
2019-04,47530,35
2019-04,47540,42
2019-04,47591,12
2019-04,47599,137
2019-04,47610,13
2019-04,47620,33
2019-04,47630,15
2019-04,47640,96
2019-04,47650,43
2019-04,47710,336
2019-04,47721,39
2019-04,47722,19
2019-04,47730,22
2019-04,47741,3
2019-04,47749,10
2019-04,47750,80
2019-04,47760,53
2019-04,47770,64
2019-04,47781,13
2019-04,47782,9
2019-04,47789,108
2019-04,47791,27
2019-04,47799,46
2019-04,47810,34
2019-04,47820,77
2019-04,47890,94
2019-04,47910,1305
2019-04,47990,747
2019-05,47110,194
2019-05,47190,352
2019-05,47210,32
2019-05,47220,29
2019-05,47230,9
2019-05,47240,39
2019-05,47250,35
2019-05,47260,21
2019-05,47290,81
2019-05,47300,6
2019-05,47410,37
2019-05,47421,34
2019-05,47429,27
2019-05,47430,9
2019-05,47510,36
2019-05,47520,16
2019-05,47530,24
2019-05,47540,26
2019-05,47591,2
2019-05,47599,89
2019-05,47610,17
2019-05,47620,12
2019-05,47630,1
2019-05,47640,61
2019-05,47650,40
2019-05,47710,253
2019-05,47721,44
2019-05,47722,11
2019-05,47730,26
2019-05,47749,13
2019-05,47750,55
2019-05,47760,50
2019-05,47770,53
2019-05,47781,15
2019-05,47782,10
2019-05,47789,99
2019-05,47791,14
2019-05,47799,30
2019-05,47810,24
2019-05,47820,53
2019-05,47890,44
2019-05,47910,909
2019-05,47990,389
2019-06,47110,205
2019-06,47190,313
2019-06,47210,24
2019-06,47220,42
2019-06,47230,10
2019-06,47240,47
2019-06,47250,51
2019-06,47260,22
2019-06,47290,76
2019-06,47300,11
2019-06,47410,50
2019-06,47421,43
2019-06,47429,26
2019-06,47430,13
2019-08,47789,108
2019-08,47791,9
2019-08,47799,20
2019-08,47810,21
2019-08,47820,51
2019-08,47890,63
2019-08,47910,870
2019-08,47990,416
2019-09,47110,222
2019-09,47190,374
2019-09,47210,26
2019-09,47220,26
2019-09,47230,10
2019-09,47240,40
2019-09,47250,50
2019-09,47260,32
2019-09,47290,91
2019-09,47300,9
2019-09,47410,38
2019-09,47421,29
2019-09,47429,25
2019-09,47430,12
2019-09,47510,39
2019-09,47520,22
2019-09,47530,27
2019-09,47540,34
2019-09,47591,7
2019-09,47599,88
2019-09,47610,13
2019-09,47620,6
2019-09,47630,11
2019-09,47640,76
2019-09,47650,32
2019-09,47710,277
2019-09,47721,34
2019-09,47722,10
2019-09,47730,18
2019-09,47741,1
2019-09,47749,21
2019-09,47750,73
2019-09,47760,36
2019-09,47770,63
2019-09,47781,13
2019-09,47782,9
2019-09,47789,90
2019-09,47791,19
2019-09,47799,20
2019-09,47810,31
2019-09,47820,60
2019-09,47890,60
2019-09,47910,948
2019-09,47990,403
2019-10,47110,246
2019-10,47190,466
2019-10,47210,26
2019-10,47220,25
2019-10,47230,12
2019-10,47240,51
2019-10,47250,56
2019-10,47260,22
2019-10,47290,79
2019-10,47300,12
2019-10,47410,46
2019-10,47421,51
2019-10,47429,29
2019-10,47430,15
2019-10,47510,30
2019-10,47520,21
2019-10,47530,37
2019-10,47540,29
2019-10,47591,4
2019-10,47599,84
2019-10,47610,15
2019-10,47620,29
2019-10,47630,22
2019-10,47640,93
2019-10,47650,25
2019-10,47710,341
2019-10,47721,37
2019-10,47722,18
2019-10,47730,18
2019-10,47749,18
2019-10,47750,85
2019-10,47760,52
2019-10,47770,69
2019-10,47781,11
2019-10,47782,7
2019-10,47789,85
2019-10,47791,25
2019-10,47799,21
2019-10,47810,25
2019-10,47820,85
2019-10,47890,72
2019-10,47910,1163
2019-10,47990,524
2019-11,47110,204
2019-11,47190,454
2019-11,47210,28
2019-11,47220,33
2019-11,47230,12
2019-11,47240,48
2019-11,47250,34
2019-11,47260,30
2019-11,47290,77
2019-11,47300,9
2019-11,47410,57
2019-11,47421,39
2019-11,47429,27
2019-11,47430,15
2019-11,47510,38
2019-11,47520,21
2019-11,47530,23
2019-11,47540,24
2019-11,47591,11
2019-11,47599,82
2019-11,47610,14
2019-11,47620,18
2019-11,47630,8
2019-11,47640,76
2019-11,47650,32
2019-11,47710,253
2019-11,47721,29
2019-11,47722,14
2019-11,47730,13
2019-11,47749,13
2019-11,47750,62
2019-11,47760,49
2019-11,47770,45
2019-11,47781,16
2019-11,47782,6
2019-11,47789,77
2019-11,47791,19
2019-11,47799,24
2019-11,47810,27
2019-11,47820,66
2019-11,47890,58
2019-11,47910,910
2019-11,47990,388
2019-12,47110,261
2019-12,47190,413
2019-12,47210,27
2019-12,47220,38
2019-12,47230,10
2019-12,47240,60
2019-12,47250,45
2019-12,47260,28
2019-12,47290,102
2019-12,47300,15
2019-12,47410,63
2019-12,47421,53
2019-12,47791,18
2019-12,47799,27
2019-12,47810,28
2019-12,47820,91
2019-12,47890,64
2019-12,47910,1145
2019-12,47990,436
2020-01,47110,224
2020-01,47190,372
2020-01,47210,27
2020-01,47220,38
2020-01,47230,15
2020-01,47240,44
2020-01,47250,41
2020-01,47260,35
2020-01,47290,75
2020-01,47300,23
2020-01,47410,36
2020-01,47421,47
2020-01,47429,31
2020-01,47430,9
2020-01,47510,36
2020-01,47520,23
2020-01,47530,36
2020-01,47540,36
2020-01,47591,8
2020-01,47599,84
2020-01,47610,12
2020-01,47620,22
2020-01,47630,12
2020-01,47640,76
2020-01,47650,36
2020-01,47710,306
2020-01,47721,41
2020-01,47722,14
2020-01,47730,20
2020-01,47741,2
2020-01,47749,16
2020-01,47750,62
2020-01,47760,59
2020-01,47770,51
2020-01,47781,14
2020-01,47782,10
2020-01,47789,88
2020-01,47791,12
2020-01,47799,16
2020-01,47810,27
2020-01,47820,65
2020-01,47890,58
2020-01,47910,1053
2020-01,47990,768
2020-02,47110,247
2020-02,47190,407
2020-02,47210,35
2020-02,47220,35
2020-02,47230,9
2020-02,47240,52
2020-02,47250,31
2020-02,47260,20
2020-02,47290,79
2020-02,47300,11
2020-02,47410,51
2020-02,47421,49
2020-02,47429,36
2020-02,47430,7
2020-02,47510,37
2020-02,47520,25
2020-02,47530,22
2020-02,47540,37
2020-02,47591,7
2020-02,47599,92
2020-02,47610,21
2020-02,47620,22
2020-02,47630,10
2020-02,47640,61
2020-02,47650,54
2020-02,47710,310
2020-02,47721,48
2020-02,47722,15
2020-02,47730,13
2020-02,47741,1
2020-02,47749,8
2020-02,47750,67
2020-02,47760,48
2020-02,47770,62
2020-02,47781,10
2020-02,47782,12
2020-02,47789,82
2020-02,47791,17
2020-02,47799,23
2020-02,47810,34
2020-02,47820,88
2020-02,47890,69
2020-02,47910,1062
2020-02,47990,1148
2020-03,47110,296
2020-03,47190,394
2020-03,47210,33
2020-03,47220,40
2020-03,47230,11
2020-03,47240,56
2020-03,47250,44
2020-03,47260,29
2020-03,47290,104
2020-03,47300,9
2020-03,47410,78
2020-03,47421,71
2020-03,47429,34
2020-03,47430,18
2020-03,47510,47
2020-03,47520,20
2020-03,47530,50
2020-03,47540,40
2020-03,47591,9
2020-03,47599,106
2020-03,47610,20
2020-03,47620,29
2020-03,47630,10
2020-03,47640,84
2020-03,47650,45
2020-03,47710,340
2020-03,47721,43
2020-03,47722,20
2020-03,47730,13
2020-03,47741,2
2020-03,47749,17
2020-03,47750,98
2020-03,47760,68
2020-03,47770,81
2020-03,47781,12
2020-03,47782,12
2020-03,47789,117
2020-03,47791,20
2020-03,47799,28
2020-03,47810,37
2020-03,47820,103
2020-03,47890,63
2020-03,47910,1220
2020-03,47990,476
2020-04,47110,62
2020-04,47190,60
2020-04,47210,5
2020-04,47220,5
2020-04,47230,3
2020-04,47240,10
2020-04,47250,11
2020-04,47260,5
2020-04,47290,22
2020-04,47300,6
2020-04,47410,15
2020-04,47421,10
2020-04,47429,8
2020-04,47430,3
2020-04,47510,10
2020-04,47520,6
2020-04,47530,10
2020-04,47540,6
2020-04,47591,3
2020-04,47599,32
2020-04,47610,4
2020-04,47620,8
2020-04,47630,4
2020-04,47640,24
2020-04,47650,12
2020-04,47710,96
2020-04,47721,10
2020-04,47722,1
2020-04,47730,5
2020-04,47749,2
2020-04,47750,20
2020-04,47760,14
2020-04,47770,22
2020-04,47781,9
2020-04,47782,2
2020-04,47789,33
2020-04,47791,3
2020-04,47799,10
2020-04,47810,5
2020-04,47820,17
2020-04,47890,17
2020-04,47910,259
2020-04,47990,103
2020-05,47110,5
2020-05,47190,13
2020-05,47210,1
2020-05,47220,1
2020-05,47260,1
2020-05,47290,3
2020-05,47300,2
2020-05,47410,3
2020-05,47421,1
2020-05,47430,1
2020-05,47510,3
2020-05,47599,8
2020-05,47620,1
2020-05,47640,7
2020-05,47650,1
2020-05,47710,7
2020-05,47721,1
2020-05,47730,1
2020-05,47750,1
2020-05,47760,5
2020-05,47770,2
2020-05,47782,2
2020-05,47789,3
2020-05,47791,1
2020-05,47799,3
2020-05,47910,4
2020-05,47990,6
2020-06,47110,4
2020-06,47190,6
2020-06,47220,2
2020-06,47230,1
2020-06,47240,1
2020-06,47250,3
2020-06,47290,2
2020-06,47300,1
2020-06,47410,1
2020-06,47510,1
2020-06,47520,1
2020-06,47530,5
2020-06,47540,2
2020-06,47599,2
2020-06,47620,1
2020-06,47640,1
2020-06,47650,1
2020-06,47710,12
2020-06,47721,1
2020-06,47750,1
2020-06,47760,2
2020-06,47770,4
2020-06,47781,1
2020-06,47789,4
2020-06,47799,1
2020-06,47890,1
2020-06,47910,5
2020-06,47990,4
2020-07,47110,7
2020-07,47190,9
2020-07,47220,1
2020-07,47230,1
2020-07,47240,4
2020-07,47250,1
2020-07,47260,1
2020-07,47290,3
2020-07,47300,1
2020-07,47421,1
2020-07,47430,1
2020-07,47510,1
2020-07,47520,4
2020-07,47530,2
2020-07,47540,2
2020-07,47599,9
2020-07,47620,1
2020-07,47640,3
2020-07,47650,1
2020-07,47710,13
2020-07,47721,1
2020-07,47722,1
2020-07,47750,3
2020-07,47760,1
2020-07,47770,1
2020-07,47782,1
2020-07,47789,10
2020-07,47791,4
2020-07,47799,3
2020-07,47910,14
2020-07,47990,6
2020-08,47110,10
2020-08,47190,12
2020-08,47210,2
2020-08,47220,4
2020-08,47230,1
2020-08,47240,2
2020-08,47250,2
2020-08,47260,1
2020-08,47290,2
2020-08,47300,4
2020-08,47410,2
2020-08,47510,1
2020-08,47520,2
2020-08,47540,2
2020-08,47591,2
2020-08,47599,11
2020-08,47620,1
2020-08,47630,1
2020-08,47640,1
2020-08,47650,2
2020-08,47710,19
2020-08,47721,2
2020-08,47722,1
2020-08,47749,1
2020-08,47760,2
2020-08,47770,4
2020-08,47789,10
2020-08,47910,17
2020-08,47990,5
2020-09,47110,373
2020-09,47190,428
2020-09,47210,40
2020-09,47220,50
2020-09,47230,16
2020-09,47240,71
2020-09,47250,57
2020-09,47260,31
2020-09,47290,126
2020-09,47300,20
2020-09,47410,47
2020-09,47421,69
2020-09,47429,26
2020-09,47430,14
2020-09,47510,37
2020-09,47520,45
2020-09,47530,34
2020-09,47540,39
2020-09,47591,12
2020-09,47599,155
2020-09,47610,19
2020-09,47620,35
2020-09,47630,9
2020-09,47640,122
2020-09,47650,50
2020-09,47710,468
2020-09,47721,49
2020-09,47722,26
2020-09,47730,28
2020-09,47741,4
2020-09,47749,26
2020-09,47750,104
2020-09,47760,83
2020-09,47770,98
2020-09,47781,28
2020-09,47782,20
2020-09,47789,160
2020-09,47791,22
2020-09,47799,37
2020-09,47810,51
2020-09,47820,102
2020-09,47890,109
2020-09,47910,2117
2020-09,47990,791
2020-10,47110,409
2020-10,47190,651
2020-10,47210,45
2020-10,47220,55
2020-10,47230,14
2020-10,47240,111
2020-10,47250,78
2020-10,47260,42
2020-10,47290,159
2020-10,47300,25
2020-10,47410,89
2020-10,47421,63
2020-10,47429,52
2020-10,47430,21
2020-10,47510,84
2020-10,47520,35
2020-10,47530,58
2020-10,47540,48
2020-10,47591,14
2020-10,47599,187
2020-10,47610,23
2020-10,47620,40
2020-10,47630,24
2020-10,47640,188
2020-10,47650,81
2020-10,47710,756
2020-10,47721,78
2020-10,47722,50
2020-10,47730,33
2020-10,47741,3
2020-10,47749,41
2020-10,47750,159
2020-10,47760,136
2020-10,47770,134
2020-10,47781,34
2020-10,47782,32
2020-10,47789,209
2020-10,47791,43
2020-10,47799,58
2020-10,47810,94
2020-10,47820,155
2020-10,47890,159
2020-10,47910,2833
2020-10,47990,1170
2020-11,47110,273
2020-11,47190,404
2020-11,47210,32
2020-11,47220,36
2020-11,47230,23
2020-11,47240,50
2020-11,47250,56
2020-11,47260,20
2020-11,47290,104
2020-11,47300,18
2020-11,47410,48
2020-11,47421,52
2020-11,47429,31
2020-11,47430,22
2020-11,47510,48
2020-11,47520,19
2020-11,47530,39
2020-11,47540,23
2020-11,47591,7
2020-11,47599,94
2020-11,47610,16
2020-11,47620,24
2020-11,47630,13
2020-11,47640,91
2020-11,47650,43
2020-11,47710,346
2020-11,47721,38
2020-11,47722,17
2020-11,47730,9
2020-11,47741,4
2020-11,47749,17
2020-11,47750,74
2020-11,47760,71
2020-11,47770,49
2020-11,47781,30
2020-11,47782,18
2020-11,47789,106
2020-11,47791,12
2020-11,47799,28
2020-11,47810,33
2020-11,47820,64
2020-11,47890,78
2020-11,47910,1278
2020-11,47990,624
2020-12,47110,122
2020-12,47190,152
2020-12,47210,10
2020-12,47220,17
2020-12,47230,6
2020-12,47240,37
2020-12,47250,22
2020-12,47260,11
2020-12,47290,46
2020-12,47300,5
2020-12,47410,17
2020-12,47421,9
2020-12,47429,2
2020-12,47430,2
2020-12,47510,18
2020-12,47520,16
2020-12,47530,26
2020-12,47540,15
2020-12,47591,3
2020-12,47599,56
2020-12,47610,10
2020-12,47620,18
2020-12,47630,3
2020-12,47640,56
2020-12,47650,25
2020-12,47710,186
2020-12,47721,22
2020-12,47722,8
2020-12,47730,13
2020-12,47741,1
2020-12,47749,19
2020-12,47750,52
2020-12,47760,37
2020-12,47770,46
2020-12,47781,10
2020-12,47782,10
2020-12,47789,71
2020-12,47791,9
2020-12,47799,12
2020-12,47810,27
2020-12,47820,29
2020-12,47890,43
2020-12,47910,783
2020-12,47990,289
2021-01,47110,349
2021-01,47190,1033
2021-01,47210,41
2021-01,47220,42
2021-01,47230,23
2021-01,47240,91
2021-01,47250,68
2021-01,47260,51
2021-01,47290,159
2021-01,47300,22
2021-01,47410,112
2021-01,47421,88
2021-01,47429,60
2021-01,47430,23
2021-01,47510,65
2021-01,47520,18
2021-01,47530,59
2021-01,47540,52
2021-01,47591,14
2021-01,47599,129
2021-01,47610,27
2021-01,47620,29
2021-01,47630,29
2021-01,47640,155
2021-01,47650,64
2021-01,47710,619
2021-01,47721,75
2021-01,47722,39
2021-01,47730,13
2021-01,47741,1
2021-01,47749,45
2021-01,47750,141
2021-01,47760,102
2021-01,47770,100
2021-01,47781,33
2021-01,47782,15
2021-01,47789,156
2021-01,47791,18
2021-01,47799,40
2021-01,47810,79
2021-01,47820,158
2021-01,47890,121
2021-01,47910,2211
2021-01,47990,763
2021-02,47110,13
2021-02,47190,18
2021-02,47220,3
2021-02,47230,1
2021-02,47240,1
2021-02,47250,1
2021-02,47260,3
2021-02,47290,4
2021-02,47300,3
2021-02,47429,1
2021-02,47520,1
2021-02,47530,4
2021-02,47540,1
2021-02,47599,16
2021-02,47620,1
2021-02,47630,1
2021-02,47650,1
2021-02,47710,17
2021-02,47721,4
2021-02,47722,1
2021-02,47730,3
2021-02,47749,2
2021-02,47750,4
2021-02,47760,3
2021-02,47770,2
2021-02,47781,1
2021-02,47789,15
2021-02,47799,1
2021-02,47820,1
2021-02,47910,23
2021-02,47990,17
2021-03,47110,385
2021-03,47190,779
2021-03,47210,49
2021-03,47220,48
2021-03,47230,12
2021-03,47240,96
2021-03,47250,74
2021-03,47260,42
2021-03,47290,175
2021-03,47300,18
2021-03,47410,97
2021-03,47421,116
2021-03,47429,90
2021-03,47430,24
2021-03,47510,76
2021-03,47520,44
2021-03,47530,66
2021-03,47540,48
2021-03,47591,18
2021-03,47599,231
2021-03,47610,49
2021-03,47620,41
2021-03,47630,37
2021-03,47640,225
2021-03,47650,79
2021-03,47710,733
2021-03,47721,83
2021-03,47722,32
2021-03,47730,26
2021-03,47741,4
2021-03,47749,58
2021-03,47750,215
2021-03,47760,123
2021-03,47770,156
2021-03,47781,42
2021-03,47782,21
2021-03,47789,180
2021-03,47791,37
2021-03,47799,56
2021-03,47810,74
2021-03,47820,187
2021-03,47890,166
2021-03,47910,3181
2021-03,47990,1047
2021-04,47110,120
2021-04,47190,254
2021-04,47210,16
2021-04,47220,14
2021-04,47230,3
2021-04,47240,39
2021-04,47250,38
2021-04,47260,16
2021-04,47290,69
2021-04,47300,7
2021-04,47410,36
2021-04,47421,30
2021-04,47429,17
2021-04,47430,14
2021-04,47510,32
2021-04,47520,14
2021-04,47530,25
2021-04,47540,19
2021-04,47591,5
2021-04,47599,68
2021-04,47610,15
2021-04,47620,11
2021-04,47630,9
2021-04,47640,73
2021-04,47650,32
2021-04,47710,293
2021-04,47721,34
2021-04,47722,11
2021-04,47730,20
2021-04,47741,2
2021-04,47749,24
2021-04,47750,70
2021-04,47760,44
2021-04,47770,66
2021-04,47781,12
2021-04,47782,10
2021-04,47789,74
2021-04,47791,17
2021-04,47799,19
2021-04,47810,29
2021-04,47820,69
2021-04,47890,61
2021-04,47910,1205
2021-04,47990,423
2021-05,47110,106
2021-05,47190,269
2021-05,47210,15
2021-05,47220,10
2021-05,47230,7
2021-05,47240,31
2021-05,47250,22
2021-05,47260,10
2021-05,47290,46
2021-05,47300,8
2021-05,47410,29
2021-05,47421,16
2021-05,47429,16
2021-05,47430,6
2021-05,47510,36
2021-05,47520,8
2021-05,47530,18
2021-05,47540,22
2021-05,47591,7
2021-05,47599,40
2021-05,47610,14
2021-05,47620,11
2021-05,47630,9
2021-05,47640,68
2021-05,47650,46
2021-05,47710,229
2021-05,47721,26
2021-05,47722,7
2021-05,47730,10
2021-05,47741,2
2021-05,47749,12
2021-05,47750,58
2021-05,47760,42
2021-05,47770,46
2021-05,47781,7
2021-05,47782,11
2021-05,47789,59
2021-05,47791,7
2021-05,47799,9
2021-05,47810,21
2021-05,47820,42
2021-05,47890,37
2021-05,47910,962
2021-05,47990,522
2021-06,47110,187
2021-06,47190,391
2021-06,47210,37
2021-06,47220,25
2021-06,47230,9
2021-06,47240,72
2021-06,47250,43
2021-06,47260,16
2021-06,47290,97
2021-06,47300,15
2021-06,47410,51
2021-06,47421,49
2021-06,47429,38
2021-06,47430,15
2021-06,47510,50
2021-06,47520,21
2021-06,47530,48
2021-06,47540,43
2021-06,47591,13
2021-06,47599,109
2021-06,47610,13
2021-06,47620,29
2021-06,47630,16
2021-06,47640,93
2021-06,47650,45
2021-06,47710,416
2021-06,47721,37
2021-06,47722,17
2021-06,47730,16
2021-06,47741,2
2021-06,47749,35
2021-06,47750,122
2021-06,47760,71
2021-06,47770,93
2021-06,47781,18
2021-06,47782,9
2021-06,47789,120
2021-06,47791,16
2021-06,47799,26
2021-06,47810,33
2021-06,47820,117
2021-06,47890,100
2021-06,47910,1702
2021-06,47990,547
2021-07,47110,213
2021-07,47190,420
2021-07,47210,21
2021-07,47220,26
2021-07,47230,8
2021-07,47240,67
2021-07,47250,41
2021-07,47260,23
2021-07,47290,103
2021-07,47300,13
2021-07,47410,54
2021-07,47421,46
2021-07,47429,43
2021-07,47430,13
2021-07,47510,38
2021-07,47520,17
2021-07,47530,29
2021-07,47540,28
2021-07,47591,8
2021-07,47599,124
2021-07,47610,24
2021-07,47620,22
2021-07,47630,23
2021-07,47640,107
2021-07,47650,33
2021-07,47710,423
2021-07,47721,36
2021-07,47722,17
2021-07,47730,18
2021-07,47741,4
2021-07,47749,31
2021-07,47750,110
2021-07,47760,54
2021-07,47770,78
2021-07,47781,21
2021-07,47782,12
2021-07,47789,91
2021-07,47791,21
2021-07,47799,27
2021-07,47810,40
2021-07,47820,117
2021-07,47890,96
2021-07,47910,1778
2021-07,47990,713
2021-08,47110,153
2021-08,47190,322
2021-08,47210,22
2021-08,47220,31
2021-08,47230,16
2021-08,47240,37
2021-08,47250,36
2021-08,47260,22
2021-08,47290,79
2021-08,47300,9
2021-08,47410,47
2021-08,47421,42
2021-08,47429,36
2021-08,47430,11
2021-08,47510,38
2021-08,47520,22
2021-08,47530,29
2021-08,47540,24
2021-08,47591,9
2021-08,47599,72
2021-08,47610,12
2021-08,47620,15
2021-08,47630,6
2021-08,47640,101
2021-08,47650,39
2021-08,47710,329
2021-08,47721,37
2021-08,47722,22
2021-08,47730,17
2021-08,47741,2
2021-08,47749,34
2021-08,47750,76
2021-08,47760,61
2021-08,47770,81
2021-08,47781,14
2021-08,47782,10
2021-08,47789,96
2021-08,47791,9
2021-08,47799,29
2021-08,47810,36
2021-08,47820,83
2021-08,47890,53
2021-08,47910,1487
2021-08,47990,565
2021-09,47110,255
2021-09,47190,564
2021-09,47210,45
2021-09,47220,40
2021-09,47230,15
2021-09,47240,98
2021-09,47250,70
2021-09,47260,29
2021-09,47290,128
2021-09,47300,10
2021-09,47410,72
2021-09,47421,76
2021-09,47429,47
2021-09,47430,19
2021-09,47510,67
2021-09,47520,25
2021-09,47530,49
2021-09,47540,55
2021-09,47591,9
2021-09,47599,143
2021-09,47610,16
2021-09,47620,29
2021-09,47630,24
2021-09,47640,163
2021-09,47650,79
2021-09,47710,591
2021-09,47721,47
2021-09,47722,27
2021-09,47730,30
2021-09,47741,2
2021-09,47749,80
2021-09,47750,170
2021-09,47760,101
2021-09,47770,106
2021-09,47781,27
2021-09,47782,10
2021-09,47789,142
2021-09,47791,21
2021-09,47799,32
2021-09,47810,52
2021-09,47820,127
2021-09,47890,105
2021-09,47910,2843
2021-09,47990,1058
2021-10,47110,225
2021-10,47190,464
2021-10,47210,34
2021-10,47220,37
2021-10,47230,12
2021-10,47240,71
2021-10,47250,53
2021-10,47260,14
2021-10,47290,108
2021-10,47300,7
2021-10,47410,57
2021-10,47421,77
2021-10,47429,34
2021-10,47430,14
2021-10,47510,40
2021-10,47520,14
2021-10,47530,29
2021-10,47540,46
2021-10,47591,17
2021-10,47599,102
2021-10,47610,21
2021-10,47620,21
2021-10,47630,25
2021-10,47640,134
2021-10,47650,48
2021-10,47710,479
2021-10,47721,42
2021-10,47722,15
2021-10,47730,16
2021-10,47741,3
2021-10,47749,54
2021-10,47750,157
2021-10,47760,66
2021-10,47770,90
2021-10,47781,18
2021-10,47782,12
2021-10,47789,103
2021-10,47791,18
2021-10,47799,30
2021-10,47810,41
2021-10,47820,118
2021-10,47890,95
2021-10,47910,2014
2021-10,47990,785
2021-11,47110,229
2021-11,47190,626
2021-11,47210,54
2021-11,47220,41
2021-11,47230,18
2021-11,47240,124
2021-11,47250,67
2021-11,47260,25
2021-11,47290,155
2021-11,47300,18
2021-11,47410,99
2021-11,47421,102
2021-11,47429,57
2021-11,47430,24
2021-11,47510,61
2021-11,47520,23
2021-11,47530,35
2021-11,47540,60
2021-11,47591,12
2021-11,47599,140
2021-11,47610,26
2021-11,47620,31
2021-11,47630,27
2021-11,47640,159
2021-11,47650,78
2021-11,47710,624
2021-11,47721,48
2021-11,47722,24
2021-11,47730,11
2021-11,47741,4
2021-11,47749,51
2021-11,47750,195
2021-11,47760,100
2021-11,47770,113
2021-11,47781,40
2021-11,47782,12
2021-11,47789,150
2021-11,47791,23
2021-11,47799,32
2021-11,47810,52
2021-11,47820,158
2021-11,47890,108
2021-11,47910,2720
2021-11,47990,1041
2021-12,47110,198
2021-12,47190,433
2021-12,47210,31
2021-12,47220,29
2021-12,47230,7
2021-12,47240,78
2021-12,47250,41
2021-12,47260,23
2021-12,47290,113
2021-12,47300,12
2021-12,47410,66
2021-12,47421,70
2021-12,47429,37
2021-12,47430,5
2021-12,47510,52
2021-12,47520,17
2021-12,47530,33
2021-12,47540,37
2021-12,47591,11
2021-12,47599,90
2021-12,47610,9
2021-12,47620,20
2021-12,47630,25
2021-12,47640,120
2021-12,47650,49
2021-12,47710,449
2021-12,47721,47
2021-12,47722,17
2021-12,47730,18
2021-12,47741,1
2021-12,47749,27
2021-12,47750,136
2021-12,47760,72
2021-12,47770,89
2021-12,47781,17
2021-12,47782,6
2021-12,47789,113
2021-12,47791,13
2021-12,47799,21
2021-12,47810,43
2021-12,47820,107
2021-12,47890,73
2021-12,47910,1775
2021-12,47990,729
2022-01,47110,242
2022-01,47190,517
2022-01,47210,44
2022-01,47220,31
2022-01,47230,12
2022-01,47240,90
2022-01,47250,40
2022-01,47260,22
2022-01,47290,141
2022-01,47300,17
2022-01,47410,98
2022-01,47421,81
2022-01,47429,38
2022-01,47430,11
2022-01,47510,78
2022-01,47520,24
2022-01,47530,44
2022-01,47540,27
2022-01,47591,14
2022-01,47599,116
2022-01,47610,20
2022-01,47620,26
2022-01,47630,26
2022-01,47640,135
2022-01,47650,67
2022-01,47710,542
2022-01,47721,52
2022-01,47722,16
2022-01,47730,22
2022-01,47741,1
2022-01,47749,49
2022-01,47750,155
2022-01,47760,132
2022-01,47770,109
2022-01,47781,25
2022-01,47782,12
2022-01,47789,142
2022-01,47791,27
2022-01,47799,32
2022-01,47810,43
2022-01,47820,136
2022-01,47890,91
2022-01,47910,2391
2022-01,47990,856
2022-02,47110,231
2022-02,47190,571
2022-02,47210,52
2022-02,47220,37
2022-02,47230,16
2022-02,47240,87
2022-02,47250,48
2022-02,47260,32
2022-02,47290,134
2022-02,47300,17
2022-02,47410,94
2022-02,47421,66
2022-02,47429,44
2022-02,47430,20
2022-02,47510,81
2022-02,47520,31
2022-02,47530,36
2022-02,47540,49
2022-02,47591,8
2022-02,47599,135
2022-02,47610,34
2022-02,47620,28
2022-02,47630,23
2022-02,47640,157
2022-02,47650,79
2022-02,47710,625
2022-02,47770,117
2022-02,47781,20
2022-02,47782,10
2022-02,47789,172
2022-02,47791,24
2022-02,47799,41
2022-02,47810,50
2022-02,47820,155
2022-02,47890,122
2022-02,47910,2653
2022-02,47990,933
2022-03,47110,248
2022-03,47190,594
2022-03,47210,40
2022-03,47220,37
2022-03,47230,21
2022-03,47240,98
2022-03,47250,65
2022-03,47260,25
2022-03,47290,133
2022-03,47300,15
2022-03,47410,96
2022-03,47421,66
2022-03,47429,50
2022-03,47430,19
2022-03,47510,91
2022-03,47520,27
2022-03,47530,43
2022-03,47540,42
2022-03,47591,4
2022-03,47599,130
2022-03,47610,22
2022-03,47620,22
2022-03,47630,19
2022-03,47640,152
2022-03,47650,64
2022-03,47710,634
2022-03,47721,62
2022-03,47722,24
2022-03,47730,20
2022-03,47741,6
2022-03,47749,46
2022-03,47750,189
2022-03,47760,108
2022-03,47770,93
2022-03,47781,19
2022-03,47782,10
2022-03,47789,161
2022-03,47791,23
2022-03,47799,32
2022-03,47810,43
2022-03,47820,116
2022-03,47890,128
2022-03,47910,2611
2022-03,47990,930
2022-04,47110,222
2022-04,47190,487
2022-04,47210,27
2022-04,47220,36
2022-04,47230,20
2022-04,47240,71
2022-04,47250,56
2022-04,47260,30
2022-04,47290,115
2022-04,47300,15
2022-04,47410,83
2022-04,47421,68
2022-04,47429,31
2022-04,47430,20
2022-04,47510,78
2022-04,47520,19
2022-04,47530,45
2022-04,47540,46
2022-04,47591,9
2022-04,47599,137
2022-04,47610,18
2022-04,47620,19
2022-04,47630,20
2022-04,47640,135
2022-04,47650,86
2022-04,47710,539
2022-04,47721,43
2022-04,47722,15
2022-04,47730,22
2022-04,47741,1
2022-04,47749,36
2022-04,47750,183
2022-04,47760,87
2022-04,47770,101
2022-04,47781,23
2022-04,47782,7
2022-04,47789,132
2022-04,47791,29
2022-04,47799,37
2022-04,47810,46
2022-04,47820,86
2022-04,47890,91
2022-04,47910,2423
2022-04,47990,922
2022-05,47110,233
2022-05,47190,502
2022-05,47210,42
2022-05,47220,41
2022-05,47230,13
2022-05,47240,83
2022-05,47250,53
2022-05,47260,27
2022-05,47290,132
2022-05,47300,7
2022-05,47410,94
2022-05,47421,62
2022-05,47429,52
2022-05,47430,23
2022-05,47510,69
2022-05,47520,26
2022-05,47530,21
2022-05,47540,45
2022-05,47591,9
2022-05,47599,125
2022-05,47610,29
2022-05,47620,18
2022-05,47630,20
2022-05,47640,130
2022-05,47650,82
2022-05,47710,577
2022-05,47721,45
2022-05,47722,19
2022-05,47730,18
2022-05,47741,1
2022-05,47749,43
2022-05,47750,170
2022-05,47760,87
2022-05,47770,107
2022-05,47781,28
2022-05,47782,19
2022-05,47789,151
2022-05,47791,26
2022-05,47799,39
2022-05,47810,39
2022-05,47820,112
2022-05,47890,86
2022-05,47910,2700
2022-05,47990,933
2022-06,47110,200
2022-06,47190,524
2022-06,47210,38
2022-06,47220,41
2022-06,47230,15
2022-06,47240,101
2022-06,47250,39
2022-06,47260,28
2022-06,47290,136
2022-06,47300,9
2022-06,47410,78
2022-06,47421,70
2022-06,47429,37
2022-06,47430,26
2022-06,47510,79
2022-06,47520,27
2022-06,47530,42
2022-06,47540,57
2022-06,47591,13
2022-06,47599,132
2022-06,47610,16
2022-06,47620,22
2022-06,47630,28
2022-06,47640,163
2022-06,47650,90
2022-06,47710,628
2022-06,47721,68
2022-06,47722,17
2022-06,47730,18
2022-06,47741,1
2022-06,47749,45
2022-06,47750,173
2022-06,47760,92
2022-06,47770,132
2022-06,47781,27
2022-06,47782,11
2022-06,47789,172
2022-06,47791,25
2022-06,47799,29
2022-06,47810,40
2022-06,47820,113
2022-06,47890,106
2022-06,47910,2884
2022-06,47990,1305
2022-07,47110,195
2022-07,47190,531
2022-07,47210,35
2022-07,47220,29
2022-07,47230,9
2022-07,47240,72
2022-07,47250,37
2022-07,47260,20
2022-07,47290,123
2022-07,47300,12
2022-07,47410,97
2022-07,47421,55
2022-07,47429,39
2022-07,47430,22
2022-07,47510,78
2022-07,47520,16
2022-07,47530,39
2022-07,47540,57
2022-07,47591,8
2022-07,47599,105
2022-07,47610,20
2022-07,47620,19
2022-07,47630,19
2022-07,47640,177
2022-07,47650,73
2022-07,47710,557
2022-07,47721,56
2022-07,47722,27
2022-07,47730,14
2022-07,47741,1
2022-07,47749,34
2022-07,47750,153
2022-07,47760,98
2022-07,47770,95
2022-07,47781,20
2022-07,47782,14
2022-07,47789,141
2022-07,47791,17
2022-07,47799,40
2022-07,47810,29
2022-07,47820,94
2022-07,47890,86
2022-07,47910,2623
2022-07,47990,1304
2022-08,47110,267
2022-08,47190,586
2022-08,47210,49
2022-08,47220,44
2022-08,47230,20
2022-08,47240,130
2022-08,47250,53
2022-08,47260,27
2022-08,47290,167
2022-08,47300,23
2022-08,47410,97
2022-08,47421,91
2022-08,47429,39
2022-08,47430,18
2022-08,47510,76
2022-08,47520,31
2022-08,47530,46
2022-08,47540,49
2022-08,47591,12
2022-08,47599,147
2022-08,47610,35
2022-08,47620,26
2022-08,47630,29
2022-08,47640,168
2022-08,47650,98
2022-08,47710,708
2022-08,47721,64
2022-08,47722,25
2022-08,47730,19
2022-08,47749,41
2022-08,47750,222
2022-08,47760,109
2022-08,47770,107
2022-08,47781,49
2022-08,47782,7
2022-08,47789,175
2022-08,47791,33
2022-08,47799,51
2022-08,47810,54
2022-08,47820,136
2022-08,47890,117
2022-08,47910,3171
2022-08,47990,1422
2022-09,47110,247
2022-09,47190,495
2022-09,47210,54
2022-09,47220,36
2022-09,47230,19
2022-09,47240,125
2022-09,47250,47
2022-09,47260,26
2022-09,47290,119
2022-09,47300,9
2022-09,47410,98
2022-09,47421,59
2022-09,47429,26
2022-09,47430,20
2022-09,47510,75
2022-09,47520,25
2022-09,47530,37
2022-09,47540,52
2022-09,47591,15
2022-09,47599,148
2022-09,47610,30
2022-09,47620,30
2022-09,47630,18
2022-09,47640,154
2022-09,47650,71
2022-09,47710,538
2022-09,47721,53
2022-09,47722,26
2022-09,47730,14
2022-09,47741,2
2022-09,47749,26
2022-09,47750,158
2022-09,47760,93
2022-09,47770,121
2022-09,47781,19
2022-09,47782,11
2022-09,47789,133
2022-09,47791,30
2022-09,47799,37
2022-09,47810,29
2022-09,47820,166
2022-09,47890,93
2022-09,47910,2823
2022-09,47990,857
2022-10,47110,225
2022-10,47190,594
2022-10,47210,45
2022-10,47220,49
2022-10,47230,15
2022-10,47240,112
2022-10,47250,46
2022-10,47260,33
2022-10,47290,133
2022-10,47300,15
2022-10,47410,100
2022-10,47421,86
2022-10,47429,41
2022-10,47430,19
2022-10,47510,87
2022-10,47520,42
2022-10,47530,45
2022-10,47540,55
2022-10,47591,10
2022-10,47599,128
2022-10,47610,29
2022-10,47620,15
2022-10,47630,17
2022-10,47640,158
2022-10,47650,83
2022-10,47710,530
2022-10,47721,68
2022-10,47722,39
2022-10,47730,20
2022-10,47741,8
2022-10,47749,30
2022-10,47750,186
2022-10,47760,110
2022-10,47770,129
2022-10,47781,35
2022-10,47782,14
2022-10,47789,152
2022-10,47791,25
2022-10,47799,41
2022-10,47810,48
2022-10,47820,147
2022-10,47890,124
2022-10,47910,3700
2022-10,47990,970
2022-11,47110,63
2022-11,47190,125
2022-11,47210,4
2022-11,47220,14
2022-11,47230,3
2022-11,47240,36
2022-11,47250,11
2022-11,47260,7
2022-11,47290,44
2022-11,47300,4
2022-11,47410,29
2022-11,47421,16
2022-11,47429,16
2022-11,47430,3
2022-11,47510,28
2022-11,47520,6
2022-11,47530,17
2022-11,47540,18
2022-11,47591,3
2022-11,47599,39
2022-11,47610,10
2022-11,47620,9
2022-11,47630,4
2022-11,47640,36
2022-11,47650,22
2022-11,47710,131
2022-11,47721,14
2022-11,47722,5
2022-11,47730,4
2022-11,47749,8
2022-11,47750,44
2022-11,47760,23
2022-11,47770,38
2022-11,47781,3
2022-11,47782,5
2022-11,47789,38
2022-11,47791,2
2022-11,47799,9
2022-11,47810,13
2022-11,47820,52
2022-11,47890,26
2022-11,47910,782
2022-11,47990,214
2022-12,47110,260
2022-12,47190,565
2022-12,47210,54
2022-12,47220,50
2022-12,47230,13
2022-12,47240,123
2022-12,47250,57
2022-12,47260,33
2022-12,47290,127
2022-12,47300,20
2022-12,47410,105
2022-12,47421,82
2022-12,47429,50
2022-12,47430,19
2022-12,47510,93
2022-12,47520,35
2022-12,47530,55
2022-12,47540,63
2022-12,47591,10
2022-12,47599,144
2022-12,47610,42
2022-12,47620,26
2022-12,47630,34
2022-12,47640,179
2022-12,47650,85
2022-12,47710,590
2022-12,47721,65
2022-12,47722,36
2022-12,47730,21
2022-12,47749,53
2022-12,47750,185
2022-12,47760,134
2022-12,47770,124
2022-12,47781,28
2022-12,47782,12
2022-12,47789,174
2022-12,47791,24
2022-12,47799,50
2022-12,47810,57
2022-12,47820,134
2022-12,47890,127
2022-12,47910,3701
2022-12,47990,1274
2023-01,47110,341
2023-01,47190,766
2023-01,47210,67
2023-02,47650,73
2023-02,47710,460
2023-02,47721,53
2023-02,47722,25
2023-02,47730,13
2023-02,47741,3
2023-02,47749,33
2023-02,47750,147
2023-02,47760,94
2023-02,47770,122
2023-02,47781,18
2023-02,47782,8
2023-02,47789,152
2023-02,47791,14
2023-02,47799,36
2023-02,47810,55
2023-02,47820,116
2023-02,47890,104
2023-02,47910,2733
2023-02,47990,1138
2023-03,47110,206
2023-03,47190,520
2023-03,47210,36
2023-03,47220,38
2023-03,47230,15
2023-03,47240,65
2023-03,47250,32
2023-03,47260,24
2023-03,47290,120
2023-03,47300,9
2023-03,47410,82
2023-03,47421,49
2023-03,47429,30
2023-03,47430,16
2023-03,47510,59
2023-03,47520,41
2023-03,47530,36
2023-03,47540,37
2023-03,47591,16
2023-03,47599,120
2023-03,47610,31
2023-03,47620,19
2023-03,47630,21
2023-03,47640,133
2023-03,47650,62
2023-03,47710,435
2023-03,47721,47
2023-03,47722,24
2023-03,47730,13
2023-03,47741,4
2023-03,47749,27
2023-03,47750,147
2023-03,47760,102
2023-03,47770,97
2023-03,47781,18
2023-03,47782,3
2023-03,47789,144
2023-03,47791,14
2023-03,47799,30
2023-03,47810,37
2023-03,47820,154
2023-03,47890,94
2023-03,47910,2716
2023-03,47990,1085
2023-04,47110,218
2023-04,47190,573
2023-04,47210,43
2023-04,47220,42
2023-04,47230,19
2023-04,47240,88
2023-04,47250,57
2023-04,47260,39
2023-04,47290,126
2023-04,47300,8
2023-04,47410,86
2023-04,47421,59
2023-04,47429,46
2023-04,47430,18
2023-04,47510,54
2023-04,47520,22
2023-04,47530,45
2023-04,47540,49
2023-04,47591,11
2023-04,47599,129
2023-04,47610,22
2023-04,47620,21
2023-04,47630,15
2023-04,47640,146
2023-04,47650,89
2023-04,47710,614
2023-04,47721,61
2023-04,47722,30
2023-04,47730,17
2023-04,47741,1
2023-04,47749,29
2023-04,47750,141
2023-04,47760,99
2023-04,47770,132
2023-04,47781,26
2023-04,47782,15
2023-04,47789,164
2023-04,47791,30
2023-04,47799,33
2023-04,47810,42
2023-04,47820,137
2023-04,47890,94
2023-04,47910,3121
2023-04,47990,1262
2023-05,47110,286
2023-05,47190,637
2023-05,47210,48
2023-05,47220,39
2023-05,47230,28
2023-05,47240,127
2023-05,47250,66
2023-05,47260,30
2023-05,47290,154
2023-05,47300,15
2023-05,47410,96
2023-05,47421,123
2023-05,47429,58
2023-05,47430,27
2023-05,47510,63
2023-05,47520,25
2023-05,47530,51
2023-05,47540,75
2023-05,47591,12
2023-05,47599,145
2023-05,47610,43
2023-05,47620,29
2023-05,47630,25
2023-05,47640,169
2023-05,47650,118
2023-05,47710,805
2023-05,47721,69
2023-05,47722,27
2023-05,47730,18
2023-05,47741,2
2023-05,47749,33
2023-05,47750,166
2023-05,47760,142
2023-05,47770,117
2023-05,47781,26
2023-05,47782,12
2023-05,47789,168
2023-05,47791,17
2023-05,47799,34
2023-05,47810,45
2023-05,47820,147
2023-05,47890,137
2023-05,47910,3490
2023-05,47990,1379
2023-06,47110,323
2023-06,47190,789
2023-06,47210,63
2023-06,47220,64
2023-06,47230,18
2023-06,47240,124
2023-06,47250,63
2023-06,47260,29
2023-06,47290,176
2023-06,47300,20
2023-06,47410,131
2023-06,47421,101
2023-06,47429,70
2023-06,47430,30
2023-06,47510,85
2023-06,47520,45
2023-06,47530,58
2023-06,47540,91
2023-06,47591,14
2023-06,47599,175
2023-06,47610,33
2023-06,47620,21
2023-06,47630,29
2023-06,47640,178
2023-06,47650,112
2023-06,47710,669
2023-06,47721,62
2023-06,47722,30
2023-06,47730,24
2023-06,47741,1
2023-06,47749,29
2023-06,47750,189
2023-06,47760,129
2023-06,47770,152
2023-06,47781,34
2023-06,47782,11
2023-06,47789,214
2023-06,47791,35
2023-06,47799,60
2023-06,47810,51
2023-06,47820,210
2023-06,47890,133
2023-06,47910,4324
2023-06,47990,1821
2023-07,47110,242
2023-07,47190,543
2023-07,47210,56
2023-07,47220,44
2023-07,47230,15
2023-07,47240,92
2023-07,47250,44
2023-07,47260,26
2023-07,47290,129
2023-07,47300,14
2023-07,47410,80
2023-07,47421,79
2023-07,47429,44
2023-07,47430,25
2023-07,47510,66
2023-07,47520,32
2023-07,47530,44
2023-07,47540,58
2023-07,47591,10
2023-07,47599,144
2023-07,47610,28
2023-07,47620,26
2023-07,47630,22
2023-07,47640,123
2023-07,47650,60
2023-07,47710,499
2023-07,47721,58
2023-07,47722,13
2023-07,47730,26
2023-07,47741,2
2023-07,47749,29
2023-07,47750,156
2023-07,47760,99
2023-07,47770,104
2023-07,47781,27
2023-07,47782,17
2023-07,47789,182
2023-07,47791,23
2023-07,47799,35
2023-07,47810,59
2023-07,47820,136
2023-07,47890,95
2023-07,47910,3149
2023-07,47990,1518
2023-08,47110,329
2023-08,47190,662
2023-08,47210,85
2023-08,47220,38
2023-08,47230,16
2023-08,47240,142
2023-08,47250,60
2023-08,47260,43
2023-08,47290,177
2023-08,47300,11
2023-08,47410,100
2023-08,47421,75
2023-08,47429,61
2023-08,47430,25
2023-08,47510,78
2023-08,47520,33
2023-08,47530,55
2023-08,47540,71
2023-08,47591,12
2023-08,47599,156
2023-08,47610,23
2023-08,47620,32
2023-08,47630,26
2023-08,47640,176
2023-08,47650,101
2023-08,47710,651
2023-08,47721,88
2023-08,47722,31
2023-08,47730,25
2023-08,47741,4
2023-08,47749,34
2023-08,47750,178
2023-08,47760,129
2023-08,47770,146
2023-08,47781,32
2023-08,47782,18
2023-08,47789,219
2023-08,47791,27
2023-08,47799,34
2023-08,47810,54
2023-08,47820,156
2023-08,47890,131
2023-08,47910,4090
2023-08,47990,1863
2023-09,47110,259
2023-09,47190,544
2023-09,47210,53
2023-09,47220,48
2023-09,47230,17
2023-09,47240,88
2023-09,47250,56
2023-09,47260,24
2023-09,47290,132
2023-09,47300,13
2023-09,47410,91
2023-09,47421,69
2023-09,47429,39
2023-09,47430,24
2023-09,47510,59
2023-09,47520,33
2023-09,47530,59
2023-09,47540,70
2023-09,47591,9
2023-09,47599,160
2023-09,47610,33
2023-09,47620,28
2023-09,47630,12
2023-09,47640,132
2023-09,47650,75
2023-09,47710,518
2023-09,47721,42
2023-09,47722,17
2023-09,47730,18
2023-09,47741,5
2023-09,47749,32
2023-09,47750,135
2023-09,47760,94
2023-09,47770,104
2023-09,47781,27
2023-09,47782,14
2023-09,47789,142
2023-09,47791,19
2023-09,47799,35
2023-09,47810,48
2023-09,47820,129
2023-09,47890,94
2023-09,47910,3667
2023-09,47990,1486
2023-10,47110,293
2023-10,47190,608
2023-10,47210,75
2023-10,47220,56
2023-10,47230,23
2023-10,47240,124
2023-10,47250,67
2023-10,47260,39
2023-10,47290,183
2023-10,47300,10
2023-10,47410,116
2023-10,47421,74
2023-10,47429,59
2023-10,47430,38
2023-10,47510,61
2023-10,47520,36
2023-10,47530,51
2023-10,47540,109
2023-10,47591,12
2023-10,47599,151
2023-10,47610,33
2023-10,47620,28
2023-10,47630,17
2023-10,47640,145
2023-10,47650,84
2023-10,47710,566
2023-10,47721,59
2023-10,47722,19
2023-10,47730,29
2023-10,47741,3
2023-10,47749,43
2023-10,47750,157
2023-10,47760,126
2023-10,47770,109
2023-10,47781,32
2023-10,47782,8
2023-10,47789,178
2023-10,47791,20
2023-10,47799,43
2023-10,47810,59
2023-10,47820,158
2023-10,47890,117
2023-10,47910,3734
2023-10,47990,1680
2023-11,47110,252
2023-11,47190,565
2023-11,47210,68
2023-11,47220,54
2023-11,47230,27
2023-11,47240,111
2023-11,47250,45
2023-11,47260,22
2023-11,47290,124
2023-11,47300,13
2023-11,47410,100
2023-11,47421,73
2023-11,47429,60
2023-11,47430,34
2023-11,47510,64
2023-11,47520,30
2023-11,47530,56
2023-11,47540,93
2023-11,47591,12
2023-11,47599,129
2023-11,47610,37
2023-11,47620,23
2023-11,47630,25
2023-11,47640,154
2023-11,47650,104
2023-11,47710,553
2023-11,47721,73
2023-11,47722,33
2023-11,47730,22
2023-11,47741,3
2023-11,47749,39
2023-11,47750,131
2023-11,47760,110
2023-11,47770,119
2023-11,47781,28
2023-11,47782,13
2023-11,47789,148
2023-11,47791,23
2023-11,47799,50
2023-11,47810,58
2023-11,47820,132
2023-11,47890,127
2023-11,47910,3582
2023-11,47990,1709
2023-12,47110,262
2023-12,47190,703
2023-12,47210,84
2023-12,47220,54
2023-12,47230,22
2023-12,47240,97
2023-12,47250,59
2023-12,47260,28
2023-12,47290,153
2023-12,47300,11
2023-12,47410,89
2023-12,47421,100
2023-12,47429,54
2023-12,47430,13
2023-12,47510,60
2023-12,47520,24
2023-12,47530,50
2023-12,47540,87
2023-12,47591,10
2023-12,47599,154
2023-12,47610,28
2023-12,47620,19
2023-12,47630,19
2023-12,47640,138
2023-12,47650,86
2023-12,47710,519
2023-12,47721,50
2023-12,47722,21
2023-12,47730,21
2023-12,47741,1
2023-12,47749,28
2023-12,47750,131
2023-12,47760,115
2023-12,47770,103
2023-12,47781,36
2023-12,47782,10
2023-12,47789,148
2023-12,47791,17
2023-12,47799,48
2023-12,47810,52
2023-12,47820,131
2023-12,47890,135
2023-12,47910,3633
2023-12,47990,1628
2024-01,47110,302
2024-01,47190,670
2024-01,47210,56
2024-01,47220,63
2024-01,47230,10
2024-01,47240,103
2024-01,47250,57
2024-01,47260,44
2024-01,47290,174
2024-01,47300,11
2024-01,47410,121
2024-01,47421,108
2024-01,47429,83
2024-01,47430,45
2024-01,47510,85
2024-01,47520,34
2024-01,47530,65
2024-01,47540,106
2024-01,47591,15
2024-01,47599,158
2024-01,47610,36
2024-01,47620,24
2024-01,47630,27
2024-01,47640,160
2024-01,47650,95
2024-01,47710,704
2024-01,47721,63
2024-01,47722,34
2024-01,47730,26
2024-01,47741,2
2024-01,47749,35
2024-01,47750,166
2024-01,47760,105
2024-01,47770,154
2024-01,47781,42
2024-01,47782,19
2024-01,47789,171
2024-01,47791,21
2024-01,47799,50
2024-01,47810,56
2024-01,47820,134
2024-01,47890,120
2024-01,47910,4692
2024-01,47990,2033
2024-02,47110,286
2024-02,47190,537
2024-02,47210,28
2024-02,47220,43
2024-02,47230,14
2024-02,47240,96
2024-02,47250,40
2024-02,47260,22
2024-02,47290,128
2024-02,47300,13
2024-02,47410,73
2024-02,47421,82
2024-02,47429,49
2024-02,47430,32
2024-02,47510,66
2024-02,47520,17
2024-02,47530,45
2024-02,47540,80
2024-02,47591,12
2024-02,47599,129
2024-02,47610,41
2024-02,47620,25
2024-02,47630,18
2024-02,47640,139
2024-02,47650,82
2024-02,47710,506
2024-02,47721,54
2024-02,47722,40
2024-02,47730,21
2024-02,47741,2
2024-02,47749,53
2024-02,47750,152
2024-02,47760,104
2024-02,47770,128
2024-02,47781,24
2024-02,47782,12
2024-02,47789,152
2024-02,47791,18
2024-02,47799,37
2024-02,47810,50
2024-02,47820,139
2024-02,47890,102
2024-02,47910,3956
2024-02,47990,1748
2024-03,47110,258
2024-03,47190,616
2024-03,47210,49
2024-03,47220,32
2024-03,47230,26
2024-03,47240,92
2024-03,47250,47
2024-03,47260,29
2024-03,47290,119
2024-03,47300,16
2024-03,47410,86
2024-03,47421,79
2024-03,47429,48
2024-03,47430,21
2024-03,47510,71
2024-03,47520,23
2024-03,47530,44
2024-03,47540,80
2024-03,47591,6
2024-03,47599,123
2024-03,47610,32
2024-03,47620,24
2024-03,47630,15
2024-03,47640,121
2024-03,47650,81
2024-03,47710,551
2024-03,47721,47
2024-03,47722,31
2024-03,47730,13
2024-03,47741,4
2024-03,47749,23
2024-03,47750,151
2024-03,47760,124
2024-03,47770,122
2024-03,47781,29
2024-03,47782,10
2024-03,47789,156
2024-03,47791,19
2024-03,47799,33
2024-03,47810,40
2024-03,47820,182
2024-03,47890,102
2024-03,47910,4293
2024-03,47990,1888
2024-04,47110,324
2024-04,47190,716
2024-04,47210,58
2024-04,47220,47
2024-04,47230,14
2024-04,47240,109
2024-04,47250,61
2024-04,47260,34
2024-04,47290,166
2024-04,47300,13
2024-04,47410,109
2024-04,47421,114
2024-04,47429,81
2024-04,47430,17
2024-04,47510,86
2024-04,47520,21
2024-04,47530,65
2024-04,47540,109
2024-04,47591,12
2024-04,47599,147
2024-04,47610,37
2024-04,47620,21
2024-04,47630,17
2024-04,47640,194
2024-04,47650,120
2024-04,47710,713
2024-04,47721,67
2024-04,47722,69
2024-04,47730,29
2024-04,47741,5
2024-04,47749,37
2024-04,47750,247
2024-04,47760,120
2024-04,47770,154
2024-04,47781,32
2024-04,47782,10
2024-04,47789,180
2024-04,47791,30
2024-04,47799,39
2024-04,47810,51
2024-04,47820,198
2024-04,47890,117
2024-04,47910,4930
2024-04,47990,1609
2024-05,47110,292
2024-05,47190,663
2024-05,47210,44
2024-05,47220,48
2024-05,47230,26
2024-05,47240,87
2024-05,47250,62
2024-05,47260,37
2024-05,47290,137
2024-05,47300,16
2024-05,47410,81
2024-05,47421,90
2024-05,47429,59
2024-05,47430,16
2024-05,47510,56
2024-05,47520,24
2024-05,47530,45
2024-05,47540,93
2024-05,47591,17
2024-05,47599,133
2024-05,47610,31
2024-05,47620,15
2024-05,47630,18
2024-05,47640,234
2024-05,47650,106
2024-05,47710,533
2024-05,47721,50
2024-05,47722,100
2024-05,47730,26
2024-05,47741,4
2024-05,47749,30
2024-05,47750,187
2024-05,47760,101
2024-05,47770,120
2024-05,47781,31
2024-05,47782,13
2024-05,47789,167
2024-05,47791,23
2024-05,47799,37
2024-05,47810,31
2024-05,47820,215
2024-05,47890,114
2024-05,47910,3879
2024-05,47990,1222
2024-06,47110,254
2024-06,47190,586
2024-06,47210,39
2024-06,47220,40
2024-06,47230,12
2024-06,47240,69
2024-06,47250,56
2024-06,47260,31
2024-06,47290,122
2024-06,47300,7
2024-06,47410,104
2024-06,47421,82
2024-06,47429,57
2024-06,47430,30
2024-06,47510,78
2024-06,47520,21
2024-06,47530,51
2024-06,47540,95
2024-06,47591,6
2024-06,47599,113
2024-06,47610,33
2024-06,47620,17
2024-06,47630,20
2024-06,47640,211
2024-06,47650,99
2024-06,47710,597
2024-06,47721,48
2024-06,47722,90
2024-06,47730,28
2024-06,47741,4
2024-06,47749,24
2024-06,47750,146
2024-06,47760,139
2024-06,47770,133
2024-06,47781,33
2024-06,47782,7
2024-06,47789,143
2024-06,47791,28
2024-06,47799,39
2024-06,47810,39
2024-06,47820,188
2024-06,47890,100
2024-06,47910,4127
2024-06,47990,1244
2024-07,47110,315
2024-07,47190,758
2024-07,47210,58
2024-07,47220,58
2024-07,47230,22
2024-07,47240,109
2024-07,47250,69
2024-07,47260,40
2024-07,47290,170
2024-07,47300,20
2024-07,47410,179
2024-07,47421,146
2024-07,47429,87
2024-07,47430,25
2024-07,47510,112
2024-07,47520,38
2024-07,47530,63
2024-07,47540,117
2024-07,47591,15
2024-07,47599,192
2024-07,47610,43
2024-07,47620,42
2024-07,47630,22
2024-07,47640,177
2024-07,47650,123
2024-07,47710,725
2024-07,47721,78
2024-07,47722,39
2024-07,47730,28
2024-07,47741,5
2024-07,47749,39
2024-07,47750,192
2024-07,47760,194
2024-07,47770,162
2024-07,47781,42
2024-07,47782,16
2024-07,47789,206
2024-07,47791,37
2024-07,47799,64
2024-07,47810,58
2024-07,47820,242
2024-07,47890,153
2024-07,47910,5000
2024-07,47990,1675
2024-08,47110,270
2024-08,47190,626
2024-08,47210,47
2024-08,47220,57
2024-08,47230,9
2024-08,47240,116
2024-08,47250,64
2024-08,47260,35
2024-08,47290,145
2024-08,47300,12
2024-08,47410,101
2024-08,47421,107
2024-08,47429,75
2024-08,47430,26
2024-08,47510,87
2024-08,47520,20
2024-08,47530,50
2024-08,47540,112
2024-08,47591,18
2024-08,47599,144
2024-08,47610,36
2024-08,47620,23
2024-08,47630,19
2024-08,47640,146
2024-08,47650,86
2024-08,47710,569
2024-08,47721,46
2024-08,47722,35
2024-08,47730,35
2024-08,47741,2
2024-08,47749,30
2024-08,47750,180
2024-08,47760,254
2024-08,47770,128
2024-08,47781,34
2024-08,47782,9
2024-08,47789,152
2024-08,47791,29
2024-08,47799,35
2024-08,47810,62
2024-08,47820,153
2024-08,47890,122
2024-08,47910,4308
2024-08,47990,1266
2024-09,47110,288
2024-09,47190,637
2024-09,47210,61
2024-09,47220,38
2024-09,47230,19
2024-09,47240,105
2024-09,47250,77
2024-09,47260,27
2024-09,47290,149
2024-09,47300,16
2024-09,47410,103
2024-09,47421,131
2024-09,47429,94
2024-09,47430,49
2024-09,47510,124
2024-09,47520,25
2024-09,47530,62
2024-09,47540,130
2024-09,47591,13
2024-09,47599,157
2024-09,47610,40
2024-09,47620,30
2024-09,47630,20
2024-09,47640,199
2024-09,47650,91
2024-09,47710,653
2024-09,47721,64
2024-09,47722,29
2024-09,47730,22
2024-09,47749,24
2024-09,47750,162
2024-09,47760,307
2024-09,47770,133
2024-09,47781,42
2024-09,47782,16
2024-09,47789,168
2024-09,47791,30
2024-09,47799,43
2024-09,47810,65
2024-09,47820,189
2024-09,47890,129
2024-09,47910,5000
2024-09,47990,1372
2024-10,47110,358
2024-10,47190,960
2024-10,47210,68
2024-10,47220,60
2024-10,47230,36
2024-10,47240,126
2024-10,47250,79
2024-10,47260,66
2024-10,47290,163
2024-10,47300,16
2024-10,47410,130
2024-10,47421,139
2024-10,47429,91
2024-10,47430,39
2024-10,47510,161
2024-10,47520,44
2024-10,47530,68
2024-10,47540,182
2024-10,47591,20
2024-10,47599,241
2024-10,47610,49
2024-10,47620,44
2024-10,47630,29
2024-10,47640,229
2024-10,47650,140
2024-10,47710,932
2024-10,47721,127
2024-10,47722,34
2024-10,47730,34
2024-10,47741,7
2024-10,47749,52
2024-10,47750,182
2024-10,47760,235
2024-10,47770,188
2024-10,47781,59
2024-10,47782,20
2024-10,47789,205
2024-10,47791,39
2024-10,47799,54
2024-10,47810,74
2024-10,47820,390
2024-10,47890,170
2024-10,47910,5000
2024-10,47990,2143
2024-11,47110,284
2024-11,47190,622
2024-11,47210,36
2024-11,47220,35
2024-11,47230,20
2024-11,47240,78
2024-11,47250,80
2024-11,47260,25
2024-11,47290,126
2024-11,47300,13
2024-11,47410,94
2024-11,47421,120
2024-11,47429,75
2024-11,47430,19
2024-11,47510,104
2024-11,47520,37
2024-11,47530,50
2024-11,47540,95
2024-11,47591,25
2024-11,47599,155
2024-11,47610,34
2024-11,47620,27
2024-11,47630,21
2024-11,47640,152
2024-11,47650,106
2024-11,47710,609
2024-11,47721,71
2024-11,47722,23
2024-11,47730,20
2024-11,47741,4
2024-11,47749,28
2024-11,47750,151
2024-11,47760,113
2024-11,47770,135
2024-11,47781,38
2024-11,47782,21
2024-11,47789,161
2024-11,47791,31
2024-11,47799,35
2024-11,47810,57
2024-11,47820,196
2024-11,47890,137
2024-11,47910,4513
2024-11,47990,1426
2024-12,47110,455
2024-12,47190,1086
2024-12,47210,52
2024-12,47220,58
2024-12,47230,74
2024-12,47240,160
2024-12,47250,105
2024-12,47260,64
2024-12,47290,207
2024-12,47300,15
2024-12,47410,206
2024-12,47421,161
2024-12,47429,105
2024-12,47430,50
2024-12,47510,172
2024-12,47520,45
2024-12,47530,120
2024-12,47540,190
2024-12,47591,23
2024-12,47599,251
2024-12,47610,55
2024-12,47620,44
2024-12,47630,29
2024-12,47640,306
2024-12,47650,171
2024-12,47710,1073
2024-12,47721,120
2024-12,47722,40
2024-12,47730,58
2024-12,47741,8
2024-12,47749,59
2024-12,47750,222
2024-12,47760,182
2024-12,47770,221
2024-12,47781,59
2024-12,47782,22
2024-12,47789,246
2024-12,47791,37
2024-12,47799,84
2024-12,47810,105
2024-12,47820,342
2024-12,47890,221
2024-12,47910,5000
2024-12,47990,2607
2025-01,47110,323
2025-01,47190,842
2025-01,47210,47
2025-01,47220,54
2025-01,47230,79
2025-01,47240,123
2025-01,47250,85
2025-01,47260,40
2025-01,47290,148
2025-01,47300,18
2025-01,47410,171
2025-01,47421,138
2025-01,47429,97
2025-01,47430,38
2025-01,47510,154
2025-01,47520,36
2025-01,47530,106
2025-01,47540,147
2025-01,47591,14
2025-01,47599,187
2025-01,47610,44
2025-01,47620,32
2025-01,47630,12
2025-01,47640,224
2025-01,47650,141
2025-01,47710,887
2025-01,47721,118
2025-01,47722,51
2025-01,47730,45
2025-01,47741,5
2025-01,47749,32
2025-01,47750,189
2025-01,47760,165
2025-01,47770,185
2025-03,47799,47
2025-03,47810,76
2025-03,47820,365
2025-03,47890,168
2025-03,47910,5000
2025-03,47990,2351
2025-04,47110,421
2025-04,47190,1196
2025-04,47210,90
2025-04,47220,89
2025-04,47230,39
2025-04,47240,146
2025-04,47250,99
2025-04,47260,38
2025-04,47290,211
2025-04,47300,22
2025-04,47410,151
2025-04,47421,147
2025-04,47429,85
2025-04,47430,36
2025-04,47510,120
2025-04,47520,49
2025-04,47530,79
2025-04,47540,138
2025-04,47591,19
2025-04,47599,214
2025-04,47610,52
2025-04,47620,36
2025-04,47630,40
2025-04,47640,226
2025-04,47650,149
2025-04,47710,974
2025-04,47721,110
2025-04,47722,65
2025-04,47730,22
2025-04,47741,3
2025-04,47749,43
2025-04,47750,305
2025-04,47760,212
2025-04,47770,216
2025-04,47781,49
2025-04,47782,15
2025-04,47789,254
2025-04,47791,39
2025-04,47799,71
2025-04,47810,93
2025-04,47820,401
2025-04,47890,172
2025-04,47910,5000
2025-04,47990,2524
2025-05,47110,285
2025-05,47190,905
2025-05,47210,38
2025-05,47220,43
2025-05,47230,14
2025-05,47240,107
2025-05,47250,55
2025-05,47260,33
2025-05,47290,299
2025-05,47300,13
2025-05,47410,89
2025-05,47421,98
2025-05,47429,57
2025-05,47430,26
2025-05,47510,90
2025-05,47520,37
2025-05,47530,43
2025-05,47540,127
2025-05,47591,21
2025-05,47599,146
2025-05,47610,36
2025-05,47620,31
2025-05,47630,15
2025-05,47640,158
2025-05,47650,113
2025-05,47710,645
2025-05,47721,64
2025-05,47722,26
2025-05,47730,22
2025-05,47741,2
2025-05,47749,25
2025-05,47750,184
2025-05,47760,246
2025-05,47770,118
2025-05,47781,30
2025-05,47782,17
2025-05,47789,156
2025-05,47791,16
2025-05,47799,55
2025-05,47810,55
2025-05,47820,308
2025-05,47890,122
2025-05,47910,5000
2025-05,47990,1510
2025-06,47110,263
2025-06,47190,702
2025-06,47210,46
2025-06,47220,37
2025-06,47230,16
2025-06,47240,76
2025-06,47250,39
2025-06,47260,44
2025-06,47290,138
2025-06,47300,9
2025-06,47410,99
2025-06,47421,105
2025-06,47429,78
2025-06,47430,28
2025-06,47510,95
2025-06,47520,50
2025-06,47530,63
2025-06,47540,118
2025-06,47591,7
2025-06,47599,137
2025-06,47610,27
2025-06,47620,29
2025-06,47630,17
2025-06,47640,127
2025-06,47650,118
2025-06,47710,559
2025-06,47721,58
2025-06,47722,30
2025-06,47730,20
2025-06,47741,1
2025-06,47749,46
2025-06,47750,215
2025-06,47760,181
2025-06,47770,145
2025-06,47781,33
2025-06,47782,7
2025-06,47789,168
2025-06,47791,20
2025-06,47799,38
2025-06,47810,57
2025-06,47820,225
2025-06,47890,98
2025-06,47910,5000
2025-06,47990,1510
2025-07,47110,512
2025-07,47190,1145
2025-07,47210,84
2025-07,47220,90
2025-07,47530,94
2025-07,47540,175
2025-07,47591,25
2025-07,47599,213
2025-07,47610,58
2025-07,47620,34
2025-07,47630,27
2025-07,47640,246
2025-07,47650,156
2025-07,47710,988
2025-07,47721,132
2025-07,47722,56
2025-07,47730,35
2025-07,47749,55
2025-07,47750,236
2025-07,47760,256
2025-07,47770,216
2025-07,47781,51
2025-07,47782,23
2025-07,47789,264
2025-07,47791,29
2025-07,47799,81
2025-07,47810,158
2025-07,47820,311
2025-07,47890,218
2025-07,47910,5000
2025-07,47990,2362
2025-08,47110,352
2025-08,47190,695
2025-08,47210,42
2025-08,47220,54
2025-08,47230,19
2025-08,47240,87
2025-08,47250,75
2025-08,47260,30
2025-08,47290,144
2025-08,47300,18
2025-08,47410,101
2025-08,47421,104
2025-08,47429,60
2025-08,47430,26
2025-08,47510,84
2025-08,47520,40
2025-08,47530,57
2025-08,47540,113
2025-08,47591,12
2025-08,47599,160
2025-08,47610,34
2025-08,47620,33
2025-08,47630,22
2025-08,47640,154
2025-08,47650,131
2025-08,47710,653
2025-08,47721,73
2025-08,47722,24
2025-08,47730,30
2025-08,47741,4
2025-08,47749,45
2025-08,47750,348
2025-08,47760,120
2025-08,47770,131
2025-08,47781,29
2025-08,47782,14
2025-08,47789,170
2025-08,47791,21
2025-08,47799,37
2025-08,47810,71
2025-08,47820,210
2025-08,47890,155
2025-08,47910,5000
2025-08,47990,1570
2025-09,47110,455
2025-09,47190,970
2025-09,47210,74
2025-09,47220,93
2025-09,47230,24
2025-09,47240,134
2025-09,47250,81
2025-09,47260,46
2025-09,47290,204
2025-09,47300,12
2025-09,47410,226
2025-09,47421,148
2025-09,47429,121
2025-09,47430,58
2025-09,47510,109
2025-09,47520,42
2025-09,47530,95
2025-09,47540,196
2025-09,47591,19
2025-09,47599,217
2025-09,47610,56
2025-09,47620,44
2025-09,47630,34
2025-09,47640,252
2025-09,47650,152
2025-09,47710,952
2025-09,47721,109
2025-09,47722,64
2025-09,47730,37
2025-09,47741,5
2025-09,47749,61
2025-09,47750,333
2025-09,47760,178
2025-09,47770,214
2025-09,47781,52
2025-09,47782,18
2025-09,47789,234
2025-09,47791,43
2025-09,47799,66
2025-09,47810,96
2025-09,47820,292
2025-09,47890,202
2025-09,47910,5000
2025-09,47990,2052
2025-10,47110,323
2025-10,47190,628
2025-10,47210,49
2025-10,47220,40
2025-10,47230,19
2025-10,47240,108
2025-10,47250,57
2025-10,47260,37
2025-10,47290,138
2025-10,47300,11
2025-10,47410,133
2025-10,47421,68
2025-10,47429,49
2025-10,47430,11
2025-10,47510,80
2025-10,47520,48
2025-10,47530,43
2025-10,47540,203
2025-10,47591,13
2025-10,47599,137
2025-10,47610,28
2025-10,47620,25
2025-10,47630,17
2025-10,47640,144
2025-10,47650,89
2025-10,47710,561
2025-10,47721,58
2025-10,47722,23
2025-10,47730,22
2025-10,47749,25
2025-10,47750,178
2025-10,47760,119
2025-10,47770,127
2025-10,47781,37
2025-10,47782,23
2025-10,47789,140
2025-10,47791,28
2025-10,47799,38
2025-10,47810,55
2025-10,47820,167
2025-10,47890,105
2025-10,47910,4787
2025-10,47990,1296
2025-11,47110,360
2025-11,47190,693
2025-11,47210,62
2025-11,47220,59
2025-11,47230,31
2025-11,47240,118
2025-11,47250,56
2025-11,47260,33
2025-11,47290,170
2025-11,47300,13
2025-11,47410,85
2025-11,47421,89
2025-11,47429,115
2025-11,47430,32
2025-11,47510,74
2025-11,47520,37
2025-11,47530,71
2025-11,47540,87
2025-11,47591,16
2025-11,47599,146
2025-11,47610,38
2025-11,47620,14
2025-11,47630,17
2025-11,47640,147
2025-11,47650,100
2025-11,47710,601
2025-11,47721,66
2025-11,47722,30
2025-11,47730,36
2025-11,47741,5
2025-11,47749,37
2025-11,47750,243
2025-11,47760,127
2025-11,47770,161
2025-11,47781,37
2025-11,47782,16
2025-11,47789,139
2025-11,47791,34
2025-11,47799,47
2025-11,47810,55
2025-11,47820,144
2025-11,47890,136
2025-11,47910,5000
2025-11,47990,1195
2025-12,47110,456
2025-12,47190,764
2025-12,47210,54
2025-12,47220,61
2025-12,47230,35
2025-12,47240,128
2025-12,47250,74
2025-12,47260,47
2025-12,47290,194
2025-12,47300,17
2025-12,47410,79
2025-12,47421,107
2025-12,47429,46
2025-12,47430,25
2025-12,47510,64
2025-12,47520,39
2025-12,47530,59
2025-12,47540,138
2025-12,47591,18
2025-12,47599,158
2025-12,47610,46
2025-12,47620,25
2025-12,47630,22
2025-12,47640,195
2025-12,47650,114
2025-12,47710,705
2025-12,47721,67
2025-12,47722,29
2025-12,47730,31
2025-12,47741,3
2025-12,47749,49
2025-12,47750,375
2025-12,47760,149
2025-12,47770,161
2025-12,47781,38
2025-12,47782,18
2025-12,47789,196
2025-12,47791,33
2025-12,47799,58
2025-12,47810,73
2025-12,47820,193
2025-12,47890,199
2025-12,47910,5000
2025-12,47990,1572
2026-01,47110,365
2026-01,47190,682
2026-01,47210,46
2026-01,47220,59
2026-01,47230,31
2026-01,47240,91
2026-01,47250,69
2026-01,47260,38
2026-01,47290,163
2026-01,47300,6
2026-01,47410,80
2026-01,47421,105
2026-01,47429,50
2026-01,47430,24
2026-01,47510,63
2026-01,47520,35
2026-01,47530,60
2026-01,47540,81
2026-01,47591,15
2026-01,47599,143
2026-01,47610,33
2026-01,47620,23
2026-01,47630,20
2026-01,47640,168
2026-01,47650,106
2026-01,47710,591
2026-01,47721,59
2026-01,47722,38
2026-01,47730,26
2026-01,47741,2
2026-01,47749,41
2026-01,47750,231
2026-01,47760,115
2026-01,47770,146
2026-01,47781,41
2026-01,47782,22
2026-01,47789,161
2026-01,47791,32
2026-01,47799,40
2026-01,47810,52
2026-01,47820,135
2026-01,47890,156
2026-01,47910,5000
2026-01,47990,1337
